,album,artists,disc_number,duration_ms,explicit,external_ids,external_urls,href,id,is_local,is_playable,name,popularity,preview_url,track_number,type,uri
0,"{'album_type': 'single', 'artists': [{'external_urls': {'spotify': 'https://open.spotify.com/artist/06HL4z0CvFAxyc27GXpf02'}, 'href': 'https://api.spotify.com/v1/artists/06HL4z0CvFAxyc27GXpf02', 'id': '06HL4z0CvFAxyc27GXpf02', 'name': 'Taylor Swift', 'type': 'artist', 'uri': 'spotify:artist:06HL4z0CvFAxyc27GXpf02'}, {'external_urls': {'spotify': 'https://open.spotify.com/artist/6zsJjoCtL1WByG0VsuFWzR'}, 'href': 'https://api.spotify.com/v1/artists/6zsJjoCtL1WByG0VsuFWzR', 'id': '6zsJjoCtL1WByG0VsuFWzR', 'name': 'BLOND:ISH', 'type': 'artist', 'uri': 'spotify:artist:6zsJjoCtL1WByG0VsuFWzR'}], 'external_urls': {'spotify': 'https://open.spotify.com/album/1agEHpWnELaZHWzcbGDCpu'}, 'href': 'https://api.spotify.com/v1/albums/1agEHpWnELaZHWzcbGDCpu', 'id': '1agEHpWnELaZHWzcbGDCpu', 'images': [{'height': 640, 'url': 'https://i.scdn.co/image/ab67616d0000b273e6b77b3eef9269d06e13fe17', 'width': 640}, {'height': 300, 'url': 'https://i.scdn.co/image/ab67616d00001e02e6b77b3eef9269d06e13fe17', 'width': 300}, {'height': 64, 'url': 'https://i.scdn.co/image/ab67616d00004851e6b77b3eef9269d06e13fe17', 'width': 64}], 'is_playable': True, 'name': 'Fortnight (feat. Post Malone) [BLOND:ISH Remix]', 'release_date': '2024-05-22', 'release_date_precision': 'day', 'total_tracks': 2, 'type': 'album', 'uri': 'spotify:album:1agEHpWnELaZHWzcbGDCpu'}","[{'external_urls': {'spotify': 'https://open.spotify.com/artist/06HL4z0CvFAxyc27GXpf02'}, 'href': 'https://api.spotify.com/v1/artists/06HL4z0CvFAxyc27GXpf02', 'id': '06HL4z0CvFAxyc27GXpf02', 'name': 'Taylor Swift', 'type': 'artist', 'uri': 'spotify:artist:06HL4z0CvFAxyc27GXpf02'}, {'external_urls': {'spotify': 'https://open.spotify.com/artist/246dkjvS1zLTtiykXe5h60'}, 'href': 'https://api.spotify.com/v1/artists/246dkjvS1zLTtiykXe5h60', 'id': '246dkjvS1zLTtiykXe5h60', 'name': 'Post Malone', 'type': 'artist', 'uri': 'spotify:artist:246dkjvS1zLTtiykXe5h60'}, {'external_urls': {'spotify': 'https://open.spotify.com/artist/6zsJjoCtL1WByG0VsuFWzR'}, 'href': 'https://api.spotify.com/v1/artists/6zsJjoCtL1WByG0VsuFWzR', 'id': '6zsJjoCtL1WByG0VsuFWzR', 'name': 'BLOND:ISH', 'type': 'artist', 'uri': 'spotify:artist:6zsJjoCtL1WByG0VsuFWzR'}]",1,216979,False,{'isrc': 'USUG12403311'},{'spotify': 'https://open.spotify.com/track/1gejz5ROvJBUb6WJzkMAcc'},https://api.spotify.com/v1/tracks/1gejz5ROvJBUb6WJzkMAcc,1gejz5ROvJBUb6WJzkMAcc,False,True,Fortnight (feat. Post Malone) - BLOND:ISH Remix,65,,1,track,spotify:track:1gejz5ROvJBUb6WJzkMAcc
1,"{'album_type': 'single', 'artists': [{'external_urls': {'spotify': 'https://open.spotify.com/artist/06HL4z0CvFAxyc27GXpf02'}, 'href': 'https://api.spotify.com/v1/artists/06HL4z0CvFAxyc27GXpf02', 'id': '06HL4z0CvFAxyc27GXpf02', 'name': 'Taylor Swift', 'type': 'artist', 'uri': 'spotify:artist:06HL4z0CvFAxyc27GXpf02'}, {'external_urls': {'spotify': 'https://open.spotify.com/artist/6zsJjoCtL1WByG0VsuFWzR'}, 'href': 'https://api.spotify.com/v1/artists/6zsJjoCtL1WByG0VsuFWzR', 'id': '6zsJjoCtL1WByG0VsuFWzR', 'name': 'BLOND:ISH', 'type': 'artist', 'uri': 'spotify:artist:6zsJjoCtL1WByG0VsuFWzR'}], 'external_urls': {'spotify': 'https://open.spotify.com/album/1agEHpWnELaZHWzcbGDCpu'}, 'href': 'https://api.spotify.com/v1/albums/1agEHpWnELaZHWzcbGDCpu', 'id': '1agEHpWnELaZHWzcbGDCpu', 'images': [{'height': 640, 'url': 'https://i.scdn.co/image/ab67616d0000b273e6b77b3eef9269d06e13fe17', 'width': 640}, {'height': 300, 'url': 'https://i.scdn.co/image/ab67616d00001e02e6b77b3eef9269d06e13fe17', 'width': 300}, {'height': 64, 'url': 'https://i.scdn.co/image/ab67616d00004851e6b77b3eef9269d06e13fe17', 'width': 64}], 'is_playable': True, 'name': 'Fortnight (feat. Post Malone) [BLOND:ISH Remix]', 'release_date': '2024-05-22', 'release_date_precision': 'day', 'total_tracks': 2, 'type': 'album', 'uri': 'spotify:album:1agEHpWnELaZHWzcbGDCpu'}","[{'external_urls': {'spotify': 'https://open.spotify.com/artist/06HL4z0CvFAxyc27GXpf02'}, 'href': 'https://api.spotify.com/v1/artists/06HL4z0CvFAxyc27GXpf02', 'id': '06HL4z0CvFAxyc27GXpf02', 'name': 'Taylor Swift', 'type': 'artist', 'uri': 'spotify:artist:06HL4z0CvFAxyc27GXpf02'}, {'external_urls': {'spotify': 'https://open.spotify.com/artist/246dkjvS1zLTtiykXe5h60'}, 'href': 'https://api.spotify.com/v1/artists/246dkjvS1zLTtiykXe5h60', 'id': '246dkjvS1zLTtiykXe5h60', 'name': 'Post Malone', 'type': 'artist', 'uri': 'spotify:artist:246dkjvS1zLTtiykXe5h60'}]",1,228965,False,{'isrc': 'USUG12401028'},{'spotify': 'https://open.spotify.com/track/20nACtTlLpHqevuIVVD166'},https://api.spotify.com/v1/tracks/20nACtTlLpHqevuIVVD166,20nACtTlLpHqevuIVVD166,False,True,Fortnight (feat. Post Malone),59,,2,track,spotify:track:20nACtTlLpHqevuIVVD166
2,"{'album_type': 'album', 'artists': [{'external_urls': {'spotify': 'https://open.spotify.com/artist/06HL4z0CvFAxyc27GXpf02'}, 'href': 'https://api.spotify.com/v1/artists/06HL4z0CvFAxyc27GXpf02', 'id': '06HL4z0CvFAxyc27GXpf02', 'name': 'Taylor Swift', 'type': 'artist', 'uri': 'spotify:artist:06HL4z0CvFAxyc27GXpf02'}], 'external_urls': {'spotify': 'https://open.spotify.com/album/1NAmidJlEaVgA3MpcPFYGq'}, 'href': 'https://api.spotify.com/v1/albums/1NAmidJlEaVgA3MpcPFYGq', 'id': '1NAmidJlEaVgA3MpcPFYGq', 'images': [{'height': 640, 'url': 'https://i.scdn.co/image/ab67616d0000b273e787cffec20aa2a396a61647', 'width': 640}, {'height': 300, 'url': 'https://i.scdn.co/image/ab67616d00001e02e787cffec20aa2a396a61647', 'width': 300}, {'height': 64, 'url': 'https://i.scdn.co/image/ab67616d00004851e787cffec20aa2a396a61647', 'width': 64}], 'is_playable': True, 'name': 'Lover', 'release_date': '2019-08-23', 'release_date_precision': 'day', 'total_tracks': 18, 'type': 'album', 'uri': 'spotify:album:1NAmidJlEaVgA3MpcPFYGq'}","[{'external_urls': {'spotify': 'https://open.spotify.com/artist/06HL4z0CvFAxyc27GXpf02'}, 'href': 'https://api.spotify.com/v1/artists/06HL4z0CvFAxyc27GXpf02', 'id': '06HL4z0CvFAxyc27GXpf02', 'name': 'Taylor Swift', 'type': 'artist', 'uri': 'spotify:artist:06HL4z0CvFAxyc27GXpf02'}]",1,178426,False,{'isrc': 'USUG11901472'},{'spotify': 'https://open.spotify.com/track/1BxfuPKGuaTgP7aM0Bbdwr'},https://api.spotify.com/v1/tracks/1BxfuPKGuaTgP7aM0Bbdwr,1BxfuPKGuaTgP7aM0Bbdwr,False,True,Cruel Summer,94,,2,track,spotify:track:1BxfuPKGuaTgP7aM0Bbdwr
3,"{'album_type': 'album', 'artists': [{'external_urls': {'spotify': 'https://open.spotify.com/artist/06HL4z0CvFAxyc27GXpf02'}, 'href': 'https://api.spotify.com/v1/artists/06HL4z0CvFAxyc27GXpf02', 'id': '06HL4z0CvFAxyc27GXpf02', 'name': 'Taylor Swift', 'type': 'artist', 'uri': 'spotify:artist:06HL4z0CvFAxyc27GXpf02'}], 'external_urls': {'spotify': 'https://open.spotify.com/album/1Mo4aZ8pdj6L1jx8zSwJnt'}, 'href': 'https://api.spotify.com/v1/albums/1Mo4aZ8pdj6L1jx8zSwJnt', 'id': '1Mo4aZ8pdj6L1jx8zSwJnt', 'images': [{'height': 640, 'url': 'https://i.scdn.co/image/ab67616d0000b2735076e4160d018e378f488c33', 'width': 640}, {'height': 300, 'url': 'https://i.scdn.co/image/ab67616d00001e025076e4160d018e378f488c33', 'width': 300}, {'height': 64, 'url': 'https://i.scdn.co/image/ab67616d000048515076e4160d018e378f488c33', 'width': 64}], 'is_playable': True, 'name': 'THE TORTURED POETS DEPARTMENT', 'release_date': '2024-04-18', 'release_date_precision': 'day', 'total_tracks': 16, 'type': 'album', 'uri': 'spotify:album:1Mo4aZ8pdj6L1jx8zSwJnt'}","[{'external_urls': {'spotify': 'https://open.spotify.com/artist/06HL4z0CvFAxyc27GXpf02'}, 'href': 'https://api.spotify.com/v1/artists/06HL4z0CvFAxyc27GXpf02', 'id': '06HL4z0CvFAxyc27GXpf02', 'name': 'Taylor Swift', 'type': 'artist', 'uri': 'spotify:artist:06HL4z0CvFAxyc27GXpf02'}, {'external_urls': {'spotify': 'https://open.spotify.com/artist/246dkjvS1zLTtiykXe5h60'}, 'href': 'https://api.spotify.com/v1/artists/246dkjvS1zLTtiykXe5h60', 'id': '246dkjvS1zLTtiykXe5h60', 'name': 'Post Malone', 'type': 'artist', 'uri': 'spotify:artist:246dkjvS1zLTtiykXe5h60'}]",1,228965,False,{'isrc': 'USUG12401028'},{'spotify': 'https://open.spotify.com/track/2OzhQlSqBEmt7hmkYxfT6m'},https://api.spotify.com/v1/tracks/2OzhQlSqBEmt7hmkYxfT6m,2OzhQlSqBEmt7hmkYxfT6m,False,True,Fortnight (feat. Post Malone),95,,1,track,spotify:track:2OzhQlSqBEmt7hmkYxfT6m
4,"{'album_type': 'album', 'artists': [{'external_urls': {'spotify': 'https://open.spotify.com/artist/06HL4z0CvFAxyc27GXpf02'}, 'href': 'https://api.spotify.com/v1/artists/06HL4z0CvFAxyc27GXpf02', 'id': '06HL4z0CvFAxyc27GXpf02', 'name': 'Taylor Swift', 'type': 'artist', 'uri': 'spotify:artist:06HL4z0CvFAxyc27GXpf02'}], 'external_urls': {'spotify': 'https://open.spotify.com/album/1NAmidJlEaVgA3MpcPFYGq'}, 'href': 'https://api.spotify.com/v1/albums/1NAmidJlEaVgA3MpcPFYGq', 'id': '1NAmidJlEaVgA3MpcPFYGq', 'images': [{'height': 640, 'url': 'https://i.scdn.co/image/ab67616d0000b273e787cffec20aa2a396a61647', 'width': 640}, {'height': 300, 'url': 'https://i.scdn.co/image/ab67616d00001e02e787cffec20aa2a396a61647', 'width': 300}, {'height': 64, 'url': 'https://i.scdn.co/image/ab67616d00004851e787cffec20aa2a396a61647', 'width': 64}], 'is_playable': True, 'name': 'Lover', 'release_date': '2019-08-23', 'release_date_precision': 'day', 'total_tracks': 18, 'type': 'album', 'uri': 'spotify:album:1NAmidJlEaVgA3MpcPFYGq'}","[{'external_urls': {'spotify': 'https://open.spotify.com/artist/06HL4z0CvFAxyc27GXpf02'}, 'href': 'https://api.spotify.com/v1/artists/06HL4z0CvFAxyc27GXpf02', 'id': '06HL4z0CvFAxyc27GXpf02', 'name': 'Taylor Swift', 'type': 'artist', 'uri': 'spotify:artist:06HL4z0CvFAxyc27GXpf02'}]",1,221306,False,{'isrc': 'USUG11901473'},{'spotify': 'https://open.spotify.com/track/1dGr1c8CrMLDpV6mPbImSI'},https://api.spotify.com/v1/tracks/1dGr1c8CrMLDpV6mPbImSI,1dGr1c8CrMLDpV6mPbImSI,False,True,Lover,87,,3,track,spotify:track:1dGr1c8CrMLDpV6mPbImSI
5,"{'album_type': 'album', 'artists': [{'external_urls': {'spotify': 'https://open.spotify.com/artist/06HL4z0CvFAxyc27GXpf02'}, 'href': 'https://api.spotify.com/v1/artists/06HL4z0CvFAxyc27GXpf02', 'id': '06HL4z0CvFAxyc27GXpf02', 'name': 'Taylor Swift', 'type': 'artist', 'uri': 'spotify:artist:06HL4z0CvFAxyc27GXpf02'}], 'external_urls': {'spotify': 'https://open.spotify.com/album/1yGbNOtRIgdIiGHOEBaZWf'}, 'href': 'https://api.spotify.com/v1/albums/1yGbNOtRIgdIiGHOEBaZWf', 'id': '1yGbNOtRIgdIiGHOEBaZWf', 'images': [{'height': 640, 'url': 'https://i.scdn.co/image/ab67616d0000b27352b2a3824413eefe9e33817a', 'width': 640}, {'height': 300, 'url': 'https://i.scdn.co/image/ab67616d00001e0252b2a3824413eefe9e33817a', 'width': 300}, {'height': 64, 'url': 'https://i.scdn.co/image/ab67616d0000485152b2a3824413eefe9e33817a', 'width': 64}], 'is_playable': True, 'name': '1989 (Deluxe)', 'release_date': '2014-01-01', 'release_date_precision': 'day', 'total_tracks': 19, 'type': 'album', 'uri': 'spotify:album:1yGbNOtRIgdIiGHOEBaZWf'}","[{'external_urls': {'spotify': 'https://open.spotify.com/artist/06HL4z0CvFAxyc27GXpf02'}, 'href': 'https://api.spotify.com/v1/artists/06HL4z0CvFAxyc27GXpf02', 'id': '06HL4z0CvFAxyc27GXpf02', 'name': 'Taylor Swift', 'type': 'artist', 'uri': 'spotify:artist:06HL4z0CvFAxyc27GXpf02'}]",1,231000,False,{'isrc': 'USCJY1431319'},{'spotify': 'https://open.spotify.com/track/0ug5NqcwcFR2xrfTkc7k8e'},https://api.spotify.com/v1/tracks/0ug5NqcwcFR2xrfTkc7k8e,0ug5NqcwcFR2xrfTkc7k8e,False,True,Style,80,,3,track,spotify:track:0ug5NqcwcFR2xrfTkc7k8e
6,"{'album_type': 'album', 'artists': [{'external_urls': {'spotify': 'https://open.spotify.com/artist/06HL4z0CvFAxyc27GXpf02'}, 'href': 'https://api.spotify.com/v1/artists/06HL4z0CvFAxyc27GXpf02', 'id': '06HL4z0CvFAxyc27GXpf02', 'name': 'Taylor Swift', 'type': 'artist', 'uri': 'spotify:artist:06HL4z0CvFAxyc27GXpf02'}], 'external_urls': {'spotify': 'https://open.spotify.com/album/1Mo4aZ8pdj6L1jx8zSwJnt'}, 'href': 'https://api.spotify.com/v1/albums/1Mo4aZ8pdj6L1jx8zSwJnt', 'id': '1Mo4aZ8pdj6L1jx8zSwJnt', 'images': [{'height': 640, 'url': 'https://i.scdn.co/image/ab67616d0000b2735076e4160d018e378f488c33', 'width': 640}, {'height': 300, 'url': 'https://i.scdn.co/image/ab67616d00001e025076e4160d018e378f488c33', 'width': 300}, {'height': 64, 'url': 'https://i.scdn.co/image/ab67616d000048515076e4160d018e378f488c33', 'width': 64}], 'is_playable': True, 'name': 'THE TORTURED POETS DEPARTMENT', 'release_date': '2024-04-18', 'release_date_precision': 'day', 'total_tracks': 16, 'type': 'album', 'uri': 'spotify:album:1Mo4aZ8pdj6L1jx8zSwJnt'}","[{'external_urls': {'spotify': 'https://open.spotify.com/artist/06HL4z0CvFAxyc27GXpf02'}, 'href': 'https://api.spotify.com/v1/artists/06HL4z0CvFAxyc27GXpf02', 'id': '06HL4z0CvFAxyc27GXpf02', 'name': 'Taylor Swift', 'type': 'artist', 'uri': 'spotify:artist:06HL4z0CvFAxyc27GXpf02'}]",1,218004,True,{'isrc': 'USUG12401040'},{'spotify': 'https://open.spotify.com/track/4q5YezDOIPcoLr8R81x9qy'},https://api.spotify.com/v1/tracks/4q5YezDOIPcoLr8R81x9qy,4q5YezDOIPcoLr8R81x9qy,False,True,I Can Do It With a Broken Heart,90,,13,track,spotify:track:4q5YezDOIPcoLr8R81x9qy
7,"{'album_type': 'album', 'artists': [{'external_urls': {'spotify': 'https://open.spotify.com/artist/06HL4z0CvFAxyc27GXpf02'}, 'href': 'https://api.spotify.com/v1/artists/06HL4z0CvFAxyc27GXpf02', 'id': '06HL4z0CvFAxyc27GXpf02', 'name': 'Taylor Swift', 'type': 'artist', 'uri': 'spotify:artist:06HL4z0CvFAxyc27GXpf02'}], 'external_urls': {'spotify': 'https://open.spotify.com/album/5H7ixXZfsNMGbIE5OBSpcb'}, 'href': 'https://api.spotify.com/v1/albums/5H7ixXZfsNMGbIE5OBSpcb', 'id': '5H7ixXZfsNMGbIE5OBSpcb', 'images': [{'height': 640, 'url': 'https://i.scdn.co/image/ab67616d0000b2738ecc33f195df6aa257c39eaa', 'width': 640}, {'height': 300, 'url': 'https://i.scdn.co/image/ab67616d00001e028ecc33f195df6aa257c39eaa', 'width': 300}, {'height': 64, 'url': 'https://i.scdn.co/image/ab67616d000048518ecc33f195df6aa257c39eaa', 'width': 64}], 'is_playable': True, 'name': 'THE TORTURED POETS DEPARTMENT: THE ANTHOLOGY', 'release_date': '2024-04-19', 'release_date_precision': 'day', 'total_tracks': 31, 'type': 'album', 'uri': 'spotify:album:5H7ixXZfsNMGbIE5OBSpcb'}","[{'external_urls': {'spotify': 'https://open.spotify.com/artist/06HL4z0CvFAxyc27GXpf02'}, 'href': 'https://api.spotify.com/v1/artists/06HL4z0CvFAxyc27GXpf02', 'id': '06HL4z0CvFAxyc27GXpf02', 'name': 'Taylor Swift', 'type': 'artist', 'uri': 'spotify:artist:06HL4z0CvFAxyc27GXpf02'}, {'external_urls': {'spotify': 'https://open.spotify.com/artist/246dkjvS1zLTtiykXe5h60'}, 'href': 'https://api.spotify.com/v1/artists/246dkjvS1zLTtiykXe5h60', 'id': '246dkjvS1zLTtiykXe5h60', 'name': 'Post Malone', 'type': 'artist', 'uri': 'spotify:artist:246dkjvS1zLTtiykXe5h60'}]",1,228965,False,{'isrc': 'USUG12401028'},{'spotify': 'https://open.spotify.com/track/6dODwocEuGzHAavXqTbwHv'},https://api.spotify.com/v1/tracks/6dODwocEuGzHAavXqTbwHv,6dODwocEuGzHAavXqTbwHv,False,True,Fortnight (feat. Post Malone),91,,1,track,spotify:track:6dODwocEuGzHAavXqTbwHv
8,"{'album_type': 'album', 'artists': [{'external_urls': {'spotify': 'https://open.spotify.com/artist/06HL4z0CvFAxyc27GXpf02'}, 'href': 'https://api.spotify.com/v1/artists/06HL4z0CvFAxyc27GXpf02', 'id': '06HL4z0CvFAxyc27GXpf02', 'name': 'Taylor Swift', 'type': 'artist', 'uri': 'spotify:artist:06HL4z0CvFAxyc27GXpf02'}], 'external_urls': {'spotify': 'https://open.spotify.com/album/1yGbNOtRIgdIiGHOEBaZWf'}, 'href': 'https://api.spotify.com/v1/albums/1yGbNOtRIgdIiGHOEBaZWf', 'id': '1yGbNOtRIgdIiGHOEBaZWf', 'images': [{'height': 640, 'url': 'https://i.scdn.co/image/ab67616d0000b27352b2a3824413eefe9e33817a', 'width': 640}, {'height': 300, 'url': 'https://i.scdn.co/image/ab67616d00001e0252b2a3824413eefe9e33817a', 'width': 300}, {'height': 64, 'url': 'https://i.scdn.co/image/ab67616d0000485152b2a3824413eefe9e33817a', 'width': 64}], 'is_playable': True, 'name': '1989 (Deluxe)', 'release_date': '2014-01-01', 'release_date_precision': 'day', 'total_tracks': 19, 'type': 'album', 'uri': 'spotify:album:1yGbNOtRIgdIiGHOEBaZWf'}","[{'external_urls': {'spotify': 'https://open.spotify.com/artist/06HL4z0CvFAxyc27GXpf02'}, 'href': 'https://api.spotify.com/v1/artists/06HL4z0CvFAxyc27GXpf02', 'id': '06HL4z0CvFAxyc27GXpf02', 'name': 'Taylor Swift', 'type': 'artist', 'uri': 'spotify:artist:06HL4z0CvFAxyc27GXpf02'}]",1,231826,False,{'isrc': 'USCJY1431309'},{'spotify': 'https://open.spotify.com/track/1u8c2t2Cy7UBoG4ArRcF5g'},https://api.spotify.com/v1/tracks/1u8c2t2Cy7UBoG4ArRcF5g,1u8c2t2Cy7UBoG4ArRcF5g,False,True,Blank Space,82,,2,track,spotify:track:1u8c2t2Cy7UBoG4ArRcF5g
9,"{'album_type': 'album', 'artists': [{'external_urls': {'spotify': 'https://open.spotify.com/artist/06HL4z0CvFAxyc27GXpf02'}, 'href': 'https://api.spotify.com/v1/artists/06HL4z0CvFAxyc27GXpf02', 'id': '06HL4z0CvFAxyc27GXpf02', 'name': 'Taylor Swift', 'type': 'artist', 'uri': 'spotify:artist:06HL4z0CvFAxyc27GXpf02'}], 'external_urls': {'spotify': 'https://open.spotify.com/album/1Mo4aZ8pdj6L1jx8zSwJnt'}, 'href': 'https://api.spotify.com/v1/albums/1Mo4aZ8pdj6L1jx8zSwJnt', 'id': '1Mo4aZ8pdj6L1jx8zSwJnt', 'images': [{'height': 640, 'url': 'https://i.scdn.co/image/ab67616d0000b2735076e4160d018e378f488c33', 'width': 640}, {'height': 300, 'url': 'https://i.scdn.co/image/ab67616d00001e025076e4160d018e378f488c33', 'width': 300}, {'height': 64, 'url': 'https://i.scdn.co/image/ab67616d000048515076e4160d018e378f488c33', 'width': 64}], 'is_playable': True, 'name': 'THE TORTURED POETS DEPARTMENT', 'release_date': '2024-04-18', 'release_date_precision': 'day', 'total_tracks': 16, 'type': 'album', 'uri': 'spotify:album:1Mo4aZ8pdj6L1jx8zSwJnt'}","[{'external_urls': {'spotify': 'https://open.spotify.com/artist/06HL4z0CvFAxyc27GXpf02'}, 'href': 'https://api.spotify.com/v1/artists/06HL4z0CvFAxyc27GXpf02', 'id': '06HL4z0CvFAxyc27GXpf02', 'name': 'Taylor Swift', 'type': 'artist', 'uri': 'spotify:artist:06HL4z0CvFAxyc27GXpf02'}]",1,261228,True,{'isrc': 'USUG12401031'},{'spotify': 'https://open.spotify.com/track/2F3N9tdombb64aW6VtZOdo'},https://api.spotify.com/v1/tracks/2F3N9tdombb64aW6VtZOdo,2F3N9tdombb64aW6VtZOdo,False,True,Down Bad,88,,4,track,spotify:track:2F3N9tdombb64aW6VtZOdo
10,"{'album_type': 'album', 'artists': [{'external_urls': {'spotify': 'https://open.spotify.com/artist/06HL4z0CvFAxyc27GXpf02'}, 'href': 'https://api.spotify.com/v1/artists/06HL4z0CvFAxyc27GXpf02', 'id': '06HL4z0CvFAxyc27GXpf02', 'name': 'Taylor Swift', 'type': 'artist', 'uri': 'spotify:artist:06HL4z0CvFAxyc27GXpf02'}], 'external_urls': {'spotify': 'https://open.spotify.com/album/2fenSS68JI1h4Fo296JfGr'}, 'href': 'https://api.spotify.com/v1/albums/2fenSS68JI1h4Fo296JfGr', 'id': '2fenSS68JI1h4Fo296JfGr', 'images': [{'height': 640, 'url': 'https://i.scdn.co/image/ab67616d0000b27395f754318336a07e85ec59bc', 'width': 640}, {'height': 300, 'url': 'https://i.scdn.co/image/ab67616d00001e0295f754318336a07e85ec59bc', 'width': 300}, {'height': 64, 'url': 'https://i.scdn.co/image/ab67616d0000485195f754318336a07e85ec59bc', 'width': 64}], 'is_playable': True, 'name': 'folklore', 'release_date': '2020-07-24', 'release_date_precision': 'day', 'total_tracks': 16, 'type': 'album', 'uri': 'spotify:album:2fenSS68JI1h4Fo296JfGr'}","[{'external_urls': {'spotify': 'https://open.spotify.com/artist/06HL4z0CvFAxyc27GXpf02'}, 'href': 'https://api.spotify.com/v1/artists/06HL4z0CvFAxyc27GXpf02', 'id': '06HL4z0CvFAxyc27GXpf02', 'name': 'Taylor Swift', 'type': 'artist', 'uri': 'spotify:artist:06HL4z0CvFAxyc27GXpf02'}]",1,261922,False,{'isrc': 'USUG12002842'},{'spotify': 'https://open.spotify.com/track/3hUxzQpSfdDqwM3ZTFQY0K'},https://api.spotify.com/v1/tracks/3hUxzQpSfdDqwM3ZTFQY0K,3hUxzQpSfdDqwM3ZTFQY0K,False,True,august,85,,8,track,spotify:track:3hUxzQpSfdDqwM3ZTFQY0K
11,"{'album_type': 'album', 'artists': [{'external_urls': {'spotify': 'https://open.spotify.com/artist/06HL4z0CvFAxyc27GXpf02'}, 'href': 'https://api.spotify.com/v1/artists/06HL4z0CvFAxyc27GXpf02', 'id': '06HL4z0CvFAxyc27GXpf02', 'name': 'Taylor Swift', 'type': 'artist', 'uri': 'spotify:artist:06HL4z0CvFAxyc27GXpf02'}], 'external_urls': {'spotify': 'https://open.spotify.com/album/2fenSS68JI1h4Fo296JfGr'}, 'href': 'https://api.spotify.com/v1/albums/2fenSS68JI1h4Fo296JfGr', 'id': '2fenSS68JI1h4Fo296JfGr', 'images': [{'height': 640, 'url': 'https://i.scdn.co/image/ab67616d0000b27395f754318336a07e85ec59bc', 'width': 640}, {'height': 300, 'url': 'https://i.scdn.co/image/ab67616d00001e0295f754318336a07e85ec59bc', 'width': 300}, {'height': 64, 'url': 'https://i.scdn.co/image/ab67616d0000485195f754318336a07e85ec59bc', 'width': 64}], 'is_playable': True, 'name': 'folklore', 'release_date': '2020-07-24', 'release_date_precision': 'day', 'total_tracks': 16, 'type': 'album', 'uri': 'spotify:album:2fenSS68JI1h4Fo296JfGr'}","[{'external_urls': {'spotify': 'https://open.spotify.com/artist/06HL4z0CvFAxyc27GXpf02'}, 'href': 'https://api.spotify.com/v1/artists/06HL4z0CvFAxyc27GXpf02', 'id': '06HL4z0CvFAxyc27GXpf02', 'name': 'Taylor Swift', 'type': 'artist', 'uri': 'spotify:artist:06HL4z0CvFAxyc27GXpf02'}]",1,239560,False,{'isrc': 'USUG12002836'},{'spotify': 'https://open.spotify.com/track/4R2kfaDFhslZEMJqAFNpdd'},https://api.spotify.com/v1/tracks/4R2kfaDFhslZEMJqAFNpdd,4R2kfaDFhslZEMJqAFNpdd,False,True,cardigan,86,,2,track,spotify:track:4R2kfaDFhslZEMJqAFNpdd
12,"{'album_type': 'album', 'artists': [{'external_urls': {'spotify': 'https://open.spotify.com/artist/06HL4z0CvFAxyc27GXpf02'}, 'href': 'https://api.spotify.com/v1/artists/06HL4z0CvFAxyc27GXpf02', 'id': '06HL4z0CvFAxyc27GXpf02', 'name': 'Taylor Swift', 'type': 'artist', 'uri': 'spotify:artist:06HL4z0CvFAxyc27GXpf02'}], 'external_urls': {'spotify': 'https://open.spotify.com/album/151w1FgRZfnKZA9FEcg9Z3'}, 'href': 'https://api.spotify.com/v1/albums/151w1FgRZfnKZA9FEcg9Z3', 'id': '151w1FgRZfnKZA9FEcg9Z3', 'images': [{'height': 640, 'url': 'https://i.scdn.co/image/ab67616d0000b273bb54dde68cd23e2a268ae0f5', 'width': 640}, {'height': 300, 'url': 'https://i.scdn.co/image/ab67616d00001e02bb54dde68cd23e2a268ae0f5', 'width': 300}, {'height': 64, 'url': 'https://i.scdn.co/image/ab67616d00004851bb54dde68cd23e2a268ae0f5', 'width': 64}], 'is_playable': True, 'name': 'Midnights', 'release_date': '2022-10-21', 'release_date_precision': 'day', 'total_tracks': 13, 'type': 'album', 'uri': 'spotify:album:151w1FgRZfnKZA9FEcg9Z3'}","[{'external_urls': {'spotify': 'https://open.spotify.com/artist/06HL4z0CvFAxyc27GXpf02'}, 'href': 'https://api.spotify.com/v1/artists/06HL4z0CvFAxyc27GXpf02', 'id': '06HL4z0CvFAxyc27GXpf02', 'name': 'Taylor Swift', 'type': 'artist', 'uri': 'spotify:artist:06HL4z0CvFAxyc27GXpf02'}]",1,200690,False,{'isrc': 'USUG12205736'},{'spotify': 'https://open.spotify.com/track/0V3wPSX9ygBnCm8psDIegu'},https://api.spotify.com/v1/tracks/0V3wPSX9ygBnCm8psDIegu,0V3wPSX9ygBnCm8psDIegu,False,True,Anti-Hero,86,,3,track,spotify:track:0V3wPSX9ygBnCm8psDIegu
13,"{'album_type': 'album', 'artists': [{'external_urls': {'spotify': 'https://open.spotify.com/artist/06HL4z0CvFAxyc27GXpf02'}, 'href': 'https://api.spotify.com/v1/artists/06HL4z0CvFAxyc27GXpf02', 'id': '06HL4z0CvFAxyc27GXpf02', 'name': 'Taylor Swift', 'type': 'artist', 'uri': 'spotify:artist:06HL4z0CvFAxyc27GXpf02'}], 'external_urls': {'spotify': 'https://open.spotify.com/album/5H7ixXZfsNMGbIE5OBSpcb'}, 'href': 'https://api.spotify.com/v1/albums/5H7ixXZfsNMGbIE5OBSpcb', 'id': '5H7ixXZfsNMGbIE5OBSpcb', 'images': [{'height': 640, 'url': 'https://i.scdn.co/image/ab67616d0000b2738ecc33f195df6aa257c39eaa', 'width': 640}, {'height': 300, 'url': 'https://i.scdn.co/image/ab67616d00001e028ecc33f195df6aa257c39eaa', 'width': 300}, {'height': 64, 'url': 'https://i.scdn.co/image/ab67616d000048518ecc33f195df6aa257c39eaa', 'width': 64}], 'is_playable': True, 'name': 'THE TORTURED POETS DEPARTMENT: THE ANTHOLOGY', 'release_date': '2024-04-19', 'release_date_precision': 'day', 'total_tracks': 31, 'type': 'album', 'uri': 'spotify:album:5H7ixXZfsNMGbIE5OBSpcb'}","[{'external_urls': {'spotify': 'https://open.spotify.com/artist/06HL4z0CvFAxyc27GXpf02'}, 'href': 'https://api.spotify.com/v1/artists/06HL4z0CvFAxyc27GXpf02', 'id': '06HL4z0CvFAxyc27GXpf02', 'name': 'Taylor Swift', 'type': 'artist', 'uri': 'spotify:artist:06HL4z0CvFAxyc27GXpf02'}]",1,261228,True,{'isrc': 'USUG12401031'},{'spotify': 'https://open.spotify.com/track/1kbEbBdEgQdQeLXCJh28pJ'},https://api.spotify.com/v1/tracks/1kbEbBdEgQdQeLXCJh28pJ,1kbEbBdEgQdQeLXCJh28pJ,False,True,Down Bad,90,,4,track,spotify:track:1kbEbBdEgQdQeLXCJh28pJ
14,"{'album_type': 'album', 'artists': [{'external_urls': {'spotify': 'https://open.spotify.com/artist/06HL4z0CvFAxyc27GXpf02'}, 'href': 'https://api.spotify.com/v1/artists/06HL4z0CvFAxyc27GXpf02', 'id': '06HL4z0CvFAxyc27GXpf02', 'name': 'Taylor Swift', 'type': 'artist', 'uri': 'spotify:artist:06HL4z0CvFAxyc27GXpf02'}], 'external_urls': {'spotify': 'https://open.spotify.com/album/5H7ixXZfsNMGbIE5OBSpcb'}, 'href': 'https://api.spotify.com/v1/albums/5H7ixXZfsNMGbIE5OBSpcb', 'id': '5H7ixXZfsNMGbIE5OBSpcb', 'images': [{'height': 640, 'url': 'https://i.scdn.co/image/ab67616d0000b2738ecc33f195df6aa257c39eaa', 'width': 640}, {'height': 300, 'url': 'https://i.scdn.co/image/ab67616d00001e028ecc33f195df6aa257c39eaa', 'width': 300}, {'height': 64, 'url': 'https://i.scdn.co/image/ab67616d000048518ecc33f195df6aa257c39eaa', 'width': 64}], 'is_playable': True, 'name': 'THE TORTURED POETS DEPARTMENT: THE ANTHOLOGY', 'release_date': '2024-04-19', 'release_date_precision': 'day', 'total_tracks': 31, 'type': 'album', 'uri': 'spotify:album:5H7ixXZfsNMGbIE5OBSpcb'}","[{'external_urls': {'spotify': 'https://open.spotify.com/artist/06HL4z0CvFAxyc27GXpf02'}, 'href': 'https://api.spotify.com/v1/artists/06HL4z0CvFAxyc27GXpf02', 'id': '06HL4z0CvFAxyc27GXpf02', 'name': 'Taylor Swift', 'type': 'artist', 'uri': 'spotify:artist:06HL4z0CvFAxyc27GXpf02'}]",1,254365,False,{'isrc': 'USUG12401036'},{'spotify': 'https://open.spotify.com/track/799KrpEbhZp0MHeiA8YK9P'},https://api.spotify.com/v1/tracks/799KrpEbhZp0MHeiA8YK9P,799KrpEbhZp0MHeiA8YK9P,False,True,Guilty as Sin?,90,,9,track,spotify:track:799KrpEbhZp0MHeiA8YK9P
15,"{'album_type': 'album', 'artists': [{'external_urls': {'spotify': 'https://open.spotify.com/artist/06HL4z0CvFAxyc27GXpf02'}, 'href': 'https://api.spotify.com/v1/artists/06HL4z0CvFAxyc27GXpf02', 'id': '06HL4z0CvFAxyc27GXpf02', 'name': 'Taylor Swift', 'type': 'artist', 'uri': 'spotify:artist:06HL4z0CvFAxyc27GXpf02'}], 'external_urls': {'spotify': 'https://open.spotify.com/album/4hDok0OAJd57SGIT8xuWJH'}, 'href': 'https://api.spotify.com/v1/albums/4hDok0OAJd57SGIT8xuWJH', 'id': '4hDok0OAJd57SGIT8xuWJH', 'images': [{'height': 640, 'url': 'https://i.scdn.co/image/ab67616d0000b273a48964b5d9a3d6968ae3e0de', 'width': 640}, {'height': 300, 'url': 'https://i.scdn.co/image/ab67616d00001e02a48964b5d9a3d6968ae3e0de', 'width': 300}, {'height': 64, 'url': 'https://i.scdn.co/image/ab67616d00004851a48964b5d9a3d6968ae3e0de', 'width': 64}], 'is_playable': True, 'name': ""Fearless (Taylor's Version)"", 'release_date': '2021-04-09', 'release_date_precision': 'day', 'total_tracks': 26, 'type': 'album', 'uri': 'spotify:album:4hDok0OAJd57SGIT8xuWJH'}","[{'external_urls': {'spotify': 'https://open.spotify.com/artist/06HL4z0CvFAxyc27GXpf02'}, 'href': 'https://api.spotify.com/v1/artists/06HL4z0CvFAxyc27GXpf02', 'id': '06HL4z0CvFAxyc27GXpf02', 'name': 'Taylor Swift', 'type': 'artist', 'uri': 'spotify:artist:06HL4z0CvFAxyc27GXpf02'}]",1,231124,False,{'isrc': 'USUG12100622'},{'spotify': 'https://open.spotify.com/track/1qrpoAMXodY6895hGKoUpA'},https://api.spotify.com/v1/tracks/1qrpoAMXodY6895hGKoUpA,1qrpoAMXodY6895hGKoUpA,False,True,You Belong With Me (Taylor’s Version),82,,6,track,spotify:track:1qrpoAMXodY6895hGKoUpA
16,"{'album_type': 'album', 'artists': [{'external_urls': {'spotify': 'https://open.spotify.com/artist/06HL4z0CvFAxyc27GXpf02'}, 'href': 'https://api.spotify.com/v1/artists/06HL4z0CvFAxyc27GXpf02', 'id': '06HL4z0CvFAxyc27GXpf02', 'name': 'Taylor Swift', 'type': 'artist', 'uri': 'spotify:artist:06HL4z0CvFAxyc27GXpf02'}], 'external_urls': {'spotify': 'https://open.spotify.com/album/1NAmidJlEaVgA3MpcPFYGq'}, 'href': 'https://api.spotify.com/v1/albums/1NAmidJlEaVgA3MpcPFYGq', 'id': '1NAmidJlEaVgA3MpcPFYGq', 'images': [{'height': 640, 'url': 'https://i.scdn.co/image/ab67616d0000b273e787cffec20aa2a396a61647', 'width': 640}, {'height': 300, 'url': 'https://i.scdn.co/image/ab67616d00001e02e787cffec20aa2a396a61647', 'width': 300}, {'height': 64, 'url': 'https://i.scdn.co/image/ab67616d00004851e787cffec20aa2a396a61647', 'width': 64}], 'is_playable': True, 'name': 'Lover', 'release_date': '2019-08-23', 'release_date_precision': 'day', 'total_tracks': 18, 'type': 'album', 'uri': 'spotify:album:1NAmidJlEaVgA3MpcPFYGq'}","[{'external_urls': {'spotify': 'https://open.spotify.com/artist/06HL4z0CvFAxyc27GXpf02'}, 'href': 'https://api.spotify.com/v1/artists/06HL4z0CvFAxyc27GXpf02', 'id': '06HL4z0CvFAxyc27GXpf02', 'name': 'Taylor Swift', 'type': 'artist', 'uri': 'spotify:artist:06HL4z0CvFAxyc27GXpf02'}]",1,293453,False,{'isrc': 'USUG11901486'},{'spotify': 'https://open.spotify.com/track/1fzAuUVbzlhZ1lJAx9PtY6'},https://api.spotify.com/v1/tracks/1fzAuUVbzlhZ1lJAx9PtY6,1fzAuUVbzlhZ1lJAx9PtY6,False,True,Daylight,80,,18,track,spotify:track:1fzAuUVbzlhZ1lJAx9PtY6
17,"{'album_type': 'album', 'artists': [{'external_urls': {'spotify': 'https://open.spotify.com/artist/06HL4z0CvFAxyc27GXpf02'}, 'href': 'https://api.spotify.com/v1/artists/06HL4z0CvFAxyc27GXpf02', 'id': '06HL4z0CvFAxyc27GXpf02', 'name': 'Taylor Swift', 'type': 'artist', 'uri': 'spotify:artist:06HL4z0CvFAxyc27GXpf02'}], 'external_urls': {'spotify': 'https://open.spotify.com/album/6DEjYFkNZh67HP7R9PSZvv'}, 'href': 'https://api.spotify.com/v1/albums/6DEjYFkNZh67HP7R9PSZvv', 'id': '6DEjYFkNZh67HP7R9PSZvv', 'images': [{'height': 640, 'url': 'https://i.scdn.co/image/ab67616d0000b273da5d5aeeabacacc1263c0f4b', 'width': 640}, {'height': 300, 'url': 'https://i.scdn.co/image/ab67616d00001e02da5d5aeeabacacc1263c0f4b', 'width': 300}, {'height': 64, 'url': 'https://i.scdn.co/image/ab67616d00004851da5d5aeeabacacc1263c0f4b', 'width': 64}], 'is_playable': True, 'name': 'reputation', 'release_date': '2017-11-10', 'release_date_precision': 'day', 'total_tracks': 15, 'type': 'album', 'uri': 'spotify:album:6DEjYFkNZh67HP7R9PSZvv'}","[{'external_urls': {'spotify': 'https://open.spotify.com/artist/06HL4z0CvFAxyc27GXpf02'}, 'href': 'https://api.spotify.com/v1/artists/06HL4z0CvFAxyc27GXpf02', 'id': '06HL4z0CvFAxyc27GXpf02', 'name': 'Taylor Swift', 'type': 'artist', 'uri': 'spotify:artist:06HL4z0CvFAxyc27GXpf02'}]",1,236413,False,{'isrc': 'USCJY1750006'},{'spotify': 'https://open.spotify.com/track/1R0a2iXumgCiFb7HEZ7gUE'},https://api.spotify.com/v1/tracks/1R0a2iXumgCiFb7HEZ7gUE,1R0a2iXumgCiFb7HEZ7gUE,False,True,Don’t Blame Me,85,,4,track,spotify:track:1R0a2iXumgCiFb7HEZ7gUE
18,"{'album_type': 'album', 'artists': [{'external_urls': {'spotify': 'https://open.spotify.com/artist/06HL4z0CvFAxyc27GXpf02'}, 'href': 'https://api.spotify.com/v1/artists/06HL4z0CvFAxyc27GXpf02', 'id': '06HL4z0CvFAxyc27GXpf02', 'name': 'Taylor Swift', 'type': 'artist', 'uri': 'spotify:artist:06HL4z0CvFAxyc27GXpf02'}], 'external_urls': {'spotify': 'https://open.spotify.com/album/64LU4c1nfjz1t4VnGhagcg'}, 'href': 'https://api.spotify.com/v1/albums/64LU4c1nfjz1t4VnGhagcg', 'id': '64LU4c1nfjz1t4VnGhagcg', 'images': [{'height': 640, 'url': 'https://i.scdn.co/image/ab67616d0000b273904445d70d04eb24d6bb79ac', 'width': 640}, {'height': 300, 'url': 'https://i.scdn.co/image/ab67616d00001e02904445d70d04eb24d6bb79ac', 'width': 300}, {'height': 64, 'url': 'https://i.scdn.co/image/ab67616d00004851904445d70d04eb24d6bb79ac', 'width': 64}], 'is_playable': True, 'name': ""1989 (Taylor's Version)"", 'release_date': '2023-10-26', 'release_date_precision': 'day', 'total_tracks': 21, 'type': 'album', 'uri': 'spotify:album:64LU4c1nfjz1t4VnGhagcg'}","[{'external_urls': {'spotify': 'https://open.spotify.com/artist/06HL4z0CvFAxyc27GXpf02'}, 'href': 'https://api.spotify.com/v1/artists/06HL4z0CvFAxyc27GXpf02', 'id': '06HL4z0CvFAxyc27GXpf02', 'name': 'Taylor Swift', 'type': 'artist', 'uri': 'spotify:artist:06HL4z0CvFAxyc27GXpf02'}]",1,231000,False,{'isrc': 'USUG12306674'},{'spotify': 'https://open.spotify.com/track/1hjRhYpWyqDpPahmSlUTlc'},https://api.spotify.com/v1/tracks/1hjRhYpWyqDpPahmSlUTlc,1hjRhYpWyqDpPahmSlUTlc,False,True,Style (Taylor's Version),80,,3,track,spotify:track:1hjRhYpWyqDpPahmSlUTlc
19,"{'album_type': 'single', 'artists': [{'external_urls': {'spotify': 'https://open.spotify.com/artist/06HL4z0CvFAxyc27GXpf02'}, 'href': 'https://api.spotify.com/v1/artists/06HL4z0CvFAxyc27GXpf02', 'id': '06HL4z0CvFAxyc27GXpf02', 'name': 'Taylor Swift', 'type': 'artist', 'uri': 'spotify:artist:06HL4z0CvFAxyc27GXpf02'}], 'external_urls': {'spotify': 'https://open.spotify.com/album/1Uauz6ql2dIPvIOH4JiuhD'}, 'href': 'https://api.spotify.com/v1/albums/1Uauz6ql2dIPvIOH4JiuhD', 'id': '1Uauz6ql2dIPvIOH4JiuhD', 'images': [{'height': 640, 'url': 'https://i.scdn.co/image/ab67616d0000b2738481d8f15859aa5bae75ee17', 'width': 640}, {'height': 300, 'url': 'https://i.scdn.co/image/ab67616d00001e028481d8f15859aa5bae75ee17', 'width': 300}, {'height': 64, 'url': 'https://i.scdn.co/image/ab67616d000048518481d8f15859aa5bae75ee17', 'width': 64}], 'is_playable': True, 'name': 'All Of The Girls You Loved Before', 'release_date': '2019-08-23', 'release_date_precision': 'day', 'total_tracks': 1, 'type': 'album', 'uri': 'spotify:album:1Uauz6ql2dIPvIOH4JiuhD'}","[{'external_urls': {'spotify': 'https://open.spotify.com/artist/06HL4z0CvFAxyc27GXpf02'}, 'href': 'https://api.spotify.com/v1/artists/06HL4z0CvFAxyc27GXpf02', 'id': '06HL4z0CvFAxyc27GXpf02', 'name': 'Taylor Swift', 'type': 'artist', 'uri': 'spotify:artist:06HL4z0CvFAxyc27GXpf02'}]",1,221407,False,{'isrc': 'USUG12301406'},{'spotify': 'https://open.spotify.com/track/4P9Q0GojKVXpRTJCaL3kyy'},https://api.spotify.com/v1/tracks/4P9Q0GojKVXpRTJCaL3kyy,4P9Q0GojKVXpRTJCaL3kyy,False,True,All Of The Girls You Loved Before,77,,1,track,spotify:track:4P9Q0GojKVXpRTJCaL3kyy
20,"{'album_type': 'single', 'artists': [{'external_urls': {'spotify': 'https://open.spotify.com/artist/06HL4z0CvFAxyc27GXpf02'}, 'href': 'https://api.spotify.com/v1/artists/06HL4z0CvFAxyc27GXpf02', 'id': '06HL4z0CvFAxyc27GXpf02', 'name': 'Taylor Swift', 'type': 'artist', 'uri': 'spotify:artist:06HL4z0CvFAxyc27GXpf02'}], 'external_urls': {'spotify': 'https://open.spotify.com/album/4j2syEjl3h1To8KbRgvmJn'}, 'href': 'https://api.spotify.com/v1/albums/4j2syEjl3h1To8KbRgvmJn', 'id': '4j2syEjl3h1To8KbRgvmJn', 'images': [{'height': 640, 'url': 'https://i.scdn.co/image/ab67616d0000b273877ea8fa223c26f19aaef92d', 'width': 640}, {'height': 300, 'url': 'https://i.scdn.co/image/ab67616d00001e02877ea8fa223c26f19aaef92d', 'width': 300}, {'height': 64, 'url': 'https://i.scdn.co/image/ab67616d00004851877ea8fa223c26f19aaef92d', 'width': 64}], 'is_playable': True, 'name': 'Love Story (Taylor’s Version)', 'release_date': '2021-02-12', 'release_date_precision': 'day', 'total_tracks': 1, 'type': 'album', 'uri': 'spotify:album:4j2syEjl3h1To8KbRgvmJn'}","[{'external_urls': {'spotify': 'https://open.spotify.com/artist/06HL4z0CvFAxyc27GXpf02'}, 'href': 'https://api.spotify.com/v1/artists/06HL4z0CvFAxyc27GXpf02', 'id': '06HL4z0CvFAxyc27GXpf02', 'name': 'Taylor Swift', 'type': 'artist', 'uri': 'spotify:artist:06HL4z0CvFAxyc27GXpf02'}]",1,235766,False,{'isrc': 'USUG12100342'},{'spotify': 'https://open.spotify.com/track/3CeCwYWvdfXbZLXFhBrbnf'},https://api.spotify.com/v1/tracks/3CeCwYWvdfXbZLXFhBrbnf,3CeCwYWvdfXbZLXFhBrbnf,False,True,Love Story (Taylor’s Version),80,,1,track,spotify:track:3CeCwYWvdfXbZLXFhBrbnf
21,"{'album_type': 'album', 'artists': [{'external_urls': {'spotify': 'https://open.spotify.com/artist/06HL4z0CvFAxyc27GXpf02'}, 'href': 'https://api.spotify.com/v1/artists/06HL4z0CvFAxyc27GXpf02', 'id': '06HL4z0CvFAxyc27GXpf02', 'name': 'Taylor Swift', 'type': 'artist', 'uri': 'spotify:artist:06HL4z0CvFAxyc27GXpf02'}], 'external_urls': {'spotify': 'https://open.spotify.com/album/4hDok0OAJd57SGIT8xuWJH'}, 'href': 'https://api.spotify.com/v1/albums/4hDok0OAJd57SGIT8xuWJH', 'id': '4hDok0OAJd57SGIT8xuWJH', 'images': [{'height': 640, 'url': 'https://i.scdn.co/image/ab67616d0000b273a48964b5d9a3d6968ae3e0de', 'width': 640}, {'height': 300, 'url': 'https://i.scdn.co/image/ab67616d00001e02a48964b5d9a3d6968ae3e0de', 'width': 300}, {'height': 64, 'url': 'https://i.scdn.co/image/ab67616d00004851a48964b5d9a3d6968ae3e0de', 'width': 64}], 'is_playable': True, 'name': ""Fearless (Taylor's Version)"", 'release_date': '2021-04-09', 'release_date_precision': 'day', 'total_tracks': 26, 'type': 'album', 'uri': 'spotify:album:4hDok0OAJd57SGIT8xuWJH'}","[{'external_urls': {'spotify': 'https://open.spotify.com/artist/06HL4z0CvFAxyc27GXpf02'}, 'href': 'https://api.spotify.com/v1/artists/06HL4z0CvFAxyc27GXpf02', 'id': '06HL4z0CvFAxyc27GXpf02', 'name': 'Taylor Swift', 'type': 'artist', 'uri': 'spotify:artist:06HL4z0CvFAxyc27GXpf02'}]",1,235766,False,{'isrc': 'USUG12100342'},{'spotify': 'https://open.spotify.com/track/6YvqWjhGD8mB5QXcbcUKtx'},https://api.spotify.com/v1/tracks/6YvqWjhGD8mB5QXcbcUKtx,6YvqWjhGD8mB5QXcbcUKtx,False,True,Love Story (Taylor’s Version),79,,3,track,spotify:track:6YvqWjhGD8mB5QXcbcUKtx
22,"{'album_type': 'album', 'artists': [{'external_urls': {'spotify': 'https://open.spotify.com/artist/06HL4z0CvFAxyc27GXpf02'}, 'href': 'https://api.spotify.com/v1/artists/06HL4z0CvFAxyc27GXpf02', 'id': '06HL4z0CvFAxyc27GXpf02', 'name': 'Taylor Swift', 'type': 'artist', 'uri': 'spotify:artist:06HL4z0CvFAxyc27GXpf02'}], 'external_urls': {'spotify': 'https://open.spotify.com/album/5H7ixXZfsNMGbIE5OBSpcb'}, 'href': 'https://api.spotify.com/v1/albums/5H7ixXZfsNMGbIE5OBSpcb', 'id': '5H7ixXZfsNMGbIE5OBSpcb', 'images': [{'height': 640, 'url': 'https://i.scdn.co/image/ab67616d0000b2738ecc33f195df6aa257c39eaa', 'width': 640}, {'height': 300, 'url': 'https://i.scdn.co/image/ab67616d00001e028ecc33f195df6aa257c39eaa', 'width': 300}, {'height': 64, 'url': 'https://i.scdn.co/image/ab67616d000048518ecc33f195df6aa257c39eaa', 'width': 64}], 'is_playable': True, 'name': 'THE TORTURED POETS DEPARTMENT: THE ANTHOLOGY', 'release_date': '2024-04-19', 'release_date_precision': 'day', 'total_tracks': 31, 'type': 'album', 'uri': 'spotify:album:5H7ixXZfsNMGbIE5OBSpcb'}","[{'external_urls': {'spotify': 'https://open.spotify.com/artist/06HL4z0CvFAxyc27GXpf02'}, 'href': 'https://api.spotify.com/v1/artists/06HL4z0CvFAxyc27GXpf02', 'id': '06HL4z0CvFAxyc27GXpf02', 'name': 'Taylor Swift', 'type': 'artist', 'uri': 'spotify:artist:06HL4z0CvFAxyc27GXpf02'}]",1,293048,True,{'isrc': 'USUG12401029'},{'spotify': 'https://open.spotify.com/track/4PdLaGZubp4lghChqp8erB'},https://api.spotify.com/v1/tracks/4PdLaGZubp4lghChqp8erB,4PdLaGZubp4lghChqp8erB,False,True,The Tortured Poets Department,89,,2,track,spotify:track:4PdLaGZubp4lghChqp8erB
23,"{'album_type': 'album', 'artists': [{'external_urls': {'spotify': 'https://open.spotify.com/artist/06HL4z0CvFAxyc27GXpf02'}, 'href': 'https://api.spotify.com/v1/artists/06HL4z0CvFAxyc27GXpf02', 'id': '06HL4z0CvFAxyc27GXpf02', 'name': 'Taylor Swift', 'type': 'artist', 'uri': 'spotify:artist:06HL4z0CvFAxyc27GXpf02'}], 'external_urls': {'spotify': 'https://open.spotify.com/album/5H7ixXZfsNMGbIE5OBSpcb'}, 'href': 'https://api.spotify.com/v1/albums/5H7ixXZfsNMGbIE5OBSpcb', 'id': '5H7ixXZfsNMGbIE5OBSpcb', 'images': [{'height': 640, 'url': 'https://i.scdn.co/image/ab67616d0000b2738ecc33f195df6aa257c39eaa', 'width': 640}, {'height': 300, 'url': 'https://i.scdn.co/image/ab67616d00001e028ecc33f195df6aa257c39eaa', 'width': 300}, {'height': 64, 'url': 'https://i.scdn.co/image/ab67616d000048518ecc33f195df6aa257c39eaa', 'width': 64}], 'is_playable': True, 'name': 'THE TORTURED POETS DEPARTMENT: THE ANTHOLOGY', 'release_date': '2024-04-19', 'release_date_precision': 'day', 'total_tracks': 31, 'type': 'album', 'uri': 'spotify:album:5H7ixXZfsNMGbIE5OBSpcb'}","[{'external_urls': {'spotify': 'https://open.spotify.com/artist/06HL4z0CvFAxyc27GXpf02'}, 'href': 'https://api.spotify.com/v1/artists/06HL4z0CvFAxyc27GXpf02', 'id': '06HL4z0CvFAxyc27GXpf02', 'name': 'Taylor Swift', 'type': 'artist', 'uri': 'spotify:artist:06HL4z0CvFAxyc27GXpf02'}]",1,218004,True,{'isrc': 'USUG12401040'},{'spotify': 'https://open.spotify.com/track/2fPvQfGQEZOKtJ9qXeL4x8'},https://api.spotify.com/v1/tracks/2fPvQfGQEZOKtJ9qXeL4x8,2fPvQfGQEZOKtJ9qXeL4x8,False,True,I Can Do It With a Broken Heart,90,,13,track,spotify:track:2fPvQfGQEZOKtJ9qXeL4x8
24,"{'album_type': 'album', 'artists': [{'external_urls': {'spotify': 'https://open.spotify.com/artist/06HL4z0CvFAxyc27GXpf02'}, 'href': 'https://api.spotify.com/v1/artists/06HL4z0CvFAxyc27GXpf02', 'id': '06HL4z0CvFAxyc27GXpf02', 'name': 'Taylor Swift', 'type': 'artist', 'uri': 'spotify:artist:06HL4z0CvFAxyc27GXpf02'}], 'external_urls': {'spotify': 'https://open.spotify.com/album/1Mo4aZ8pdj6L1jx8zSwJnt'}, 'href': 'https://api.spotify.com/v1/albums/1Mo4aZ8pdj6L1jx8zSwJnt', 'id': '1Mo4aZ8pdj6L1jx8zSwJnt', 'images': [{'height': 640, 'url': 'https://i.scdn.co/image/ab67616d0000b2735076e4160d018e378f488c33', 'width': 640}, {'height': 300, 'url': 'https://i.scdn.co/image/ab67616d00001e025076e4160d018e378f488c33', 'width': 300}, {'height': 64, 'url': 'https://i.scdn.co/image/ab67616d000048515076e4160d018e378f488c33', 'width': 64}], 'is_playable': True, 'name': 'THE TORTURED POETS DEPARTMENT', 'release_date': '2024-04-18', 'release_date_precision': 'day', 'total_tracks': 16, 'type': 'album', 'uri': 'spotify:album:1Mo4aZ8pdj6L1jx8zSwJnt'}","[{'external_urls': {'spotify': 'https://open.spotify.com/artist/06HL4z0CvFAxyc27GXpf02'}, 'href': 'https://api.spotify.com/v1/artists/06HL4z0CvFAxyc27GXpf02', 'id': '06HL4z0CvFAxyc27GXpf02', 'name': 'Taylor Swift', 'type': 'artist', 'uri': 'spotify:artist:06HL4z0CvFAxyc27GXpf02'}]",1,262974,False,{'isrc': 'USUG12401032'},{'spotify': 'https://open.spotify.com/track/3Vevii7qKqrmW8CcyzBHDl'},https://api.spotify.com/v1/tracks/3Vevii7qKqrmW8CcyzBHDl,3Vevii7qKqrmW8CcyzBHDl,False,True,"So Long, London",85,,5,track,spotify:track:3Vevii7qKqrmW8CcyzBHDl
25,"{'album_type': 'album', 'artists': [{'external_urls': {'spotify': 'https://open.spotify.com/artist/06HL4z0CvFAxyc27GXpf02'}, 'href': 'https://api.spotify.com/v1/artists/06HL4z0CvFAxyc27GXpf02', 'id': '06HL4z0CvFAxyc27GXpf02', 'name': 'Taylor Swift', 'type': 'artist', 'uri': 'spotify:artist:06HL4z0CvFAxyc27GXpf02'}], 'external_urls': {'spotify': 'https://open.spotify.com/album/1Mo4aZ8pdj6L1jx8zSwJnt'}, 'href': 'https://api.spotify.com/v1/albums/1Mo4aZ8pdj6L1jx8zSwJnt', 'id': '1Mo4aZ8pdj6L1jx8zSwJnt', 'images': [{'height': 640, 'url': 'https://i.scdn.co/image/ab67616d0000b2735076e4160d018e378f488c33', 'width': 640}, {'height': 300, 'url': 'https://i.scdn.co/image/ab67616d00001e025076e4160d018e378f488c33', 'width': 300}, {'height': 64, 'url': 'https://i.scdn.co/image/ab67616d000048515076e4160d018e378f488c33', 'width': 64}], 'is_playable': True, 'name': 'THE TORTURED POETS DEPARTMENT', 'release_date': '2024-04-18', 'release_date_precision': 'day', 'total_tracks': 16, 'type': 'album', 'uri': 'spotify:album:1Mo4aZ8pdj6L1jx8zSwJnt'}","[{'external_urls': {'spotify': 'https://open.spotify.com/artist/06HL4z0CvFAxyc27GXpf02'}, 'href': 'https://api.spotify.com/v1/artists/06HL4z0CvFAxyc27GXpf02', 'id': '06HL4z0CvFAxyc27GXpf02', 'name': 'Taylor Swift', 'type': 'artist', 'uri': 'spotify:artist:06HL4z0CvFAxyc27GXpf02'}]",1,254365,False,{'isrc': 'USUG12401036'},{'spotify': 'https://open.spotify.com/track/0W0iAC1VGlB82PI6elxFYf'},https://api.spotify.com/v1/tracks/0W0iAC1VGlB82PI6elxFYf,0W0iAC1VGlB82PI6elxFYf,False,True,Guilty as Sin?,84,,9,track,spotify:track:0W0iAC1VGlB82PI6elxFYf
26,"{'album_type': 'album', 'artists': [{'external_urls': {'spotify': 'https://open.spotify.com/artist/06HL4z0CvFAxyc27GXpf02'}, 'href': 'https://api.spotify.com/v1/artists/06HL4z0CvFAxyc27GXpf02', 'id': '06HL4z0CvFAxyc27GXpf02', 'name': 'Taylor Swift', 'type': 'artist', 'uri': 'spotify:artist:06HL4z0CvFAxyc27GXpf02'}], 'external_urls': {'spotify': 'https://open.spotify.com/album/5H7ixXZfsNMGbIE5OBSpcb'}, 'href': 'https://api.spotify.com/v1/albums/5H7ixXZfsNMGbIE5OBSpcb', 'id': '5H7ixXZfsNMGbIE5OBSpcb', 'images': [{'height': 640, 'url': 'https://i.scdn.co/image/ab67616d0000b2738ecc33f195df6aa257c39eaa', 'width': 640}, {'height': 300, 'url': 'https://i.scdn.co/image/ab67616d00001e028ecc33f195df6aa257c39eaa', 'width': 300}, {'height': 64, 'url': 'https://i.scdn.co/image/ab67616d000048518ecc33f195df6aa257c39eaa', 'width': 64}], 'is_playable': True, 'name': 'THE TORTURED POETS DEPARTMENT: THE ANTHOLOGY', 'release_date': '2024-04-19', 'release_date_precision': 'day', 'total_tracks': 31, 'type': 'album', 'uri': 'spotify:album:5H7ixXZfsNMGbIE5OBSpcb'}","[{'external_urls': {'spotify': 'https://open.spotify.com/artist/06HL4z0CvFAxyc27GXpf02'}, 'href': 'https://api.spotify.com/v1/artists/06HL4z0CvFAxyc27GXpf02', 'id': '06HL4z0CvFAxyc27GXpf02', 'name': 'Taylor Swift', 'type': 'artist', 'uri': 'spotify:artist:06HL4z0CvFAxyc27GXpf02'}]",1,262974,False,{'isrc': 'USUG12401032'},{'spotify': 'https://open.spotify.com/track/7wAkQFShJ27V8362MqevQr'},https://api.spotify.com/v1/tracks/7wAkQFShJ27V8362MqevQr,7wAkQFShJ27V8362MqevQr,False,True,"So Long, London",89,,5,track,spotify:track:7wAkQFShJ27V8362MqevQr
27,"{'album_type': 'album', 'artists': [{'external_urls': {'spotify': 'https://open.spotify.com/artist/06HL4z0CvFAxyc27GXpf02'}, 'href': 'https://api.spotify.com/v1/artists/06HL4z0CvFAxyc27GXpf02', 'id': '06HL4z0CvFAxyc27GXpf02', 'name': 'Taylor Swift', 'type': 'artist', 'uri': 'spotify:artist:06HL4z0CvFAxyc27GXpf02'}], 'external_urls': {'spotify': 'https://open.spotify.com/album/64LU4c1nfjz1t4VnGhagcg'}, 'href': 'https://api.spotify.com/v1/albums/64LU4c1nfjz1t4VnGhagcg', 'id': '64LU4c1nfjz1t4VnGhagcg', 'images': [{'height': 640, 'url': 'https://i.scdn.co/image/ab67616d0000b273904445d70d04eb24d6bb79ac', 'width': 640}, {'height': 300, 'url': 'https://i.scdn.co/image/ab67616d00001e02904445d70d04eb24d6bb79ac', 'width': 300}, {'height': 64, 'url': 'https://i.scdn.co/image/ab67616d00004851904445d70d04eb24d6bb79ac', 'width': 64}], 'is_playable': True, 'name': ""1989 (Taylor's Version)"", 'release_date': '2023-10-26', 'release_date_precision': 'day', 'total_tracks': 21, 'type': 'album', 'uri': 'spotify:album:64LU4c1nfjz1t4VnGhagcg'}","[{'external_urls': {'spotify': 'https://open.spotify.com/artist/06HL4z0CvFAxyc27GXpf02'}, 'href': 'https://api.spotify.com/v1/artists/06HL4z0CvFAxyc27GXpf02', 'id': '06HL4z0CvFAxyc27GXpf02', 'name': 'Taylor Swift', 'type': 'artist', 'uri': 'spotify:artist:06HL4z0CvFAxyc27GXpf02'}]",1,229477,False,{'isrc': 'USUG12306691'},{'spotify': 'https://open.spotify.com/track/1Iq8oo9XkmmvCQiGOfORiz'},https://api.spotify.com/v1/tracks/1Iq8oo9XkmmvCQiGOfORiz,1Iq8oo9XkmmvCQiGOfORiz,False,True,Is It Over Now? (Taylor's Version) (From The Vault),82,,21,track,spotify:track:1Iq8oo9XkmmvCQiGOfORiz
28,"{'album_type': 'album', 'artists': [{'external_urls': {'spotify': 'https://open.spotify.com/artist/06HL4z0CvFAxyc27GXpf02'}, 'href': 'https://api.spotify.com/v1/artists/06HL4z0CvFAxyc27GXpf02', 'id': '06HL4z0CvFAxyc27GXpf02', 'name': 'Taylor Swift', 'type': 'artist', 'uri': 'spotify:artist:06HL4z0CvFAxyc27GXpf02'}], 'external_urls': {'spotify': 'https://open.spotify.com/album/5H7ixXZfsNMGbIE5OBSpcb'}, 'href': 'https://api.spotify.com/v1/albums/5H7ixXZfsNMGbIE5OBSpcb', 'id': '5H7ixXZfsNMGbIE5OBSpcb', 'images': [{'height': 640, 'url': 'https://i.scdn.co/image/ab67616d0000b2738ecc33f195df6aa257c39eaa', 'width': 640}, {'height': 300, 'url': 'https://i.scdn.co/image/ab67616d00001e028ecc33f195df6aa257c39eaa', 'width': 300}, {'height': 64, 'url': 'https://i.scdn.co/image/ab67616d000048518ecc33f195df6aa257c39eaa', 'width': 64}], 'is_playable': True, 'name': 'THE TORTURED POETS DEPARTMENT: THE ANTHOLOGY', 'release_date': '2024-04-19', 'release_date_precision': 'day', 'total_tracks': 31, 'type': 'album', 'uri': 'spotify:album:5H7ixXZfsNMGbIE5OBSpcb'}","[{'external_urls': {'spotify': 'https://open.spotify.com/artist/06HL4z0CvFAxyc27GXpf02'}, 'href': 'https://api.spotify.com/v1/artists/06HL4z0CvFAxyc27GXpf02', 'id': '06HL4z0CvFAxyc27GXpf02', 'name': 'Taylor Swift', 'type': 'artist', 'uri': 'spotify:artist:06HL4z0CvFAxyc27GXpf02'}]",1,222072,False,{'isrc': 'USUG12402541'},{'spotify': 'https://open.spotify.com/track/1kcwpPDQnqEqmezzXdJTCP'},https://api.spotify.com/v1/tracks/1kcwpPDQnqEqmezzXdJTCP,1kcwpPDQnqEqmezzXdJTCP,False,True,imgonnagetyouback,88,,18,track,spotify:track:1kcwpPDQnqEqmezzXdJTCP
29,"{'album_type': 'album', 'artists': [{'external_urls': {'spotify': 'https://open.spotify.com/artist/06HL4z0CvFAxyc27GXpf02'}, 'href': 'https://api.spotify.com/v1/artists/06HL4z0CvFAxyc27GXpf02', 'id': '06HL4z0CvFAxyc27GXpf02', 'name': 'Taylor Swift', 'type': 'artist', 'uri': 'spotify:artist:06HL4z0CvFAxyc27GXpf02'}], 'external_urls': {'spotify': 'https://open.spotify.com/album/64LU4c1nfjz1t4VnGhagcg'}, 'href': 'https://api.spotify.com/v1/albums/64LU4c1nfjz1t4VnGhagcg', 'id': '64LU4c1nfjz1t4VnGhagcg', 'images': [{'height': 640, 'url': 'https://i.scdn.co/image/ab67616d0000b273904445d70d04eb24d6bb79ac', 'width': 640}, {'height': 300, 'url': 'https://i.scdn.co/image/ab67616d00001e02904445d70d04eb24d6bb79ac', 'width': 300}, {'height': 64, 'url': 'https://i.scdn.co/image/ab67616d00004851904445d70d04eb24d6bb79ac', 'width': 64}], 'is_playable': True, 'name': ""1989 (Taylor's Version)"", 'release_date': '2023-10-26', 'release_date_precision': 'day', 'total_tracks': 21, 'type': 'album', 'uri': 'spotify:album:64LU4c1nfjz1t4VnGhagcg'}","[{'external_urls': {'spotify': 'https://open.spotify.com/artist/06HL4z0CvFAxyc27GXpf02'}, 'href': 'https://api.spotify.com/v1/artists/06HL4z0CvFAxyc27GXpf02', 'id': '06HL4z0CvFAxyc27GXpf02', 'name': 'Taylor Swift', 'type': 'artist', 'uri': 'spotify:artist:06HL4z0CvFAxyc27GXpf02'}]",1,180381,False,{'isrc': 'USUG12306687'},{'spotify': 'https://open.spotify.com/track/71BqAINEnezjQfxE4VuJfq'},https://api.spotify.com/v1/tracks/71BqAINEnezjQfxE4VuJfq,71BqAINEnezjQfxE4VuJfq,False,True,"""Slut!"" (Taylor's Version) (From The Vault)",79,,17,track,spotify:track:71BqAINEnezjQfxE4VuJfq
30,"{'album_type': 'album', 'artists': [{'external_urls': {'spotify': 'https://open.spotify.com/artist/06HL4z0CvFAxyc27GXpf02'}, 'href': 'https://api.spotify.com/v1/artists/06HL4z0CvFAxyc27GXpf02', 'id': '06HL4z0CvFAxyc27GXpf02', 'name': 'Taylor Swift', 'type': 'artist', 'uri': 'spotify:artist:06HL4z0CvFAxyc27GXpf02'}], 'external_urls': {'spotify': 'https://open.spotify.com/album/5AEDGbliTTfjOB8TSm1sxt'}, 'href': 'https://api.spotify.com/v1/albums/5AEDGbliTTfjOB8TSm1sxt', 'id': '5AEDGbliTTfjOB8TSm1sxt', 'images': [{'height': 640, 'url': 'https://i.scdn.co/image/ab67616d0000b2730b04da4f224b51ff86e0a481', 'width': 640}, {'height': 300, 'url': 'https://i.scdn.co/image/ab67616d00001e020b04da4f224b51ff86e0a481', 'width': 300}, {'height': 64, 'url': 'https://i.scdn.co/image/ab67616d000048510b04da4f224b51ff86e0a481', 'width': 64}], 'is_playable': True, 'name': ""Speak Now (Taylor's Version)"", 'release_date': '2023-07-07', 'release_date_precision': 'day', 'total_tracks': 22, 'type': 'album', 'uri': 'spotify:album:5AEDGbliTTfjOB8TSm1sxt'}","[{'external_urls': {'spotify': 'https://open.spotify.com/artist/06HL4z0CvFAxyc27GXpf02'}, 'href': 'https://api.spotify.com/v1/artists/06HL4z0CvFAxyc27GXpf02', 'id': '06HL4z0CvFAxyc27GXpf02', 'name': 'Taylor Swift', 'type': 'artist', 'uri': 'spotify:artist:06HL4z0CvFAxyc27GXpf02'}]",1,353253,False,{'isrc': 'USUG12302081'},{'spotify': 'https://open.spotify.com/track/3sW3oSbzsfecv9XoUdGs7h'},https://api.spotify.com/v1/tracks/3sW3oSbzsfecv9XoUdGs7h,3sW3oSbzsfecv9XoUdGs7h,False,True,Enchanted (Taylor's Version),81,,9,track,spotify:track:3sW3oSbzsfecv9XoUdGs7h
31,"{'album_type': 'album', 'artists': [{'external_urls': {'spotify': 'https://open.spotify.com/artist/06HL4z0CvFAxyc27GXpf02'}, 'href': 'https://api.spotify.com/v1/artists/06HL4z0CvFAxyc27GXpf02', 'id': '06HL4z0CvFAxyc27GXpf02', 'name': 'Taylor Swift', 'type': 'artist', 'uri': 'spotify:artist:06HL4z0CvFAxyc27GXpf02'}], 'external_urls': {'spotify': 'https://open.spotify.com/album/5H7ixXZfsNMGbIE5OBSpcb'}, 'href': 'https://api.spotify.com/v1/albums/5H7ixXZfsNMGbIE5OBSpcb', 'id': '5H7ixXZfsNMGbIE5OBSpcb', 'images': [{'height': 640, 'url': 'https://i.scdn.co/image/ab67616d0000b2738ecc33f195df6aa257c39eaa', 'width': 640}, {'height': 300, 'url': 'https://i.scdn.co/image/ab67616d00001e028ecc33f195df6aa257c39eaa', 'width': 300}, {'height': 64, 'url': 'https://i.scdn.co/image/ab67616d000048518ecc33f195df6aa257c39eaa', 'width': 64}], 'is_playable': True, 'name': 'THE TORTURED POETS DEPARTMENT: THE ANTHOLOGY', 'release_date': '2024-04-19', 'release_date_precision': 'day', 'total_tracks': 31, 'type': 'album', 'uri': 'spotify:album:5H7ixXZfsNMGbIE5OBSpcb'}","[{'external_urls': {'spotify': 'https://open.spotify.com/artist/06HL4z0CvFAxyc27GXpf02'}, 'href': 'https://api.spotify.com/v1/artists/06HL4z0CvFAxyc27GXpf02', 'id': '06HL4z0CvFAxyc27GXpf02', 'name': 'Taylor Swift', 'type': 'artist', 'uri': 'spotify:artist:06HL4z0CvFAxyc27GXpf02'}]",1,203801,False,{'isrc': 'USUG12401030'},{'spotify': 'https://open.spotify.com/track/7uGYWMwRy24dm7RUDDhUlD'},https://api.spotify.com/v1/tracks/7uGYWMwRy24dm7RUDDhUlD,7uGYWMwRy24dm7RUDDhUlD,False,True,My Boy Only Breaks His Favorite Toys,89,,3,track,spotify:track:7uGYWMwRy24dm7RUDDhUlD
32,"{'album_type': 'album', 'artists': [{'external_urls': {'spotify': 'https://open.spotify.com/artist/06HL4z0CvFAxyc27GXpf02'}, 'href': 'https://api.spotify.com/v1/artists/06HL4z0CvFAxyc27GXpf02', 'id': '06HL4z0CvFAxyc27GXpf02', 'name': 'Taylor Swift', 'type': 'artist', 'uri': 'spotify:artist:06HL4z0CvFAxyc27GXpf02'}], 'external_urls': {'spotify': 'https://open.spotify.com/album/6Ar2o9KCqcyYF9J0aQP3au'}, 'href': 'https://api.spotify.com/v1/albums/6Ar2o9KCqcyYF9J0aQP3au', 'id': '6Ar2o9KCqcyYF9J0aQP3au', 'images': [{'height': 640, 'url': 'https://i.scdn.co/image/ab67616d0000b273d0eae3c1661a96570f0ca7bd', 'width': 640}, {'height': 300, 'url': 'https://i.scdn.co/image/ab67616d00001e02d0eae3c1661a96570f0ca7bd', 'width': 300}, {'height': 64, 'url': 'https://i.scdn.co/image/ab67616d00004851d0eae3c1661a96570f0ca7bd', 'width': 64}], 'is_playable': True, 'name': 'Speak Now', 'release_date': '2010-10-25', 'release_date_precision': 'day', 'total_tracks': 14, 'type': 'album', 'uri': 'spotify:album:6Ar2o9KCqcyYF9J0aQP3au'}","[{'external_urls': {'spotify': 'https://open.spotify.com/artist/06HL4z0CvFAxyc27GXpf02'}, 'href': 'https://api.spotify.com/v1/artists/06HL4z0CvFAxyc27GXpf02', 'id': '06HL4z0CvFAxyc27GXpf02', 'name': 'Taylor Swift', 'type': 'artist', 'uri': 'spotify:artist:06HL4z0CvFAxyc27GXpf02'}]",1,352200,False,{'isrc': 'USCJY1003663'},{'spotify': 'https://open.spotify.com/track/04S1pkp1VaIqjg8zZqknR5'},https://api.spotify.com/v1/tracks/04S1pkp1VaIqjg8zZqknR5,04S1pkp1VaIqjg8zZqknR5,False,True,Enchanted,72,,9,track,spotify:track:04S1pkp1VaIqjg8zZqknR5
33,"{'album_type': 'album', 'artists': [{'external_urls': {'spotify': 'https://open.spotify.com/artist/06HL4z0CvFAxyc27GXpf02'}, 'href': 'https://api.spotify.com/v1/artists/06HL4z0CvFAxyc27GXpf02', 'id': '06HL4z0CvFAxyc27GXpf02', 'name': 'Taylor Swift', 'type': 'artist', 'uri': 'spotify:artist:06HL4z0CvFAxyc27GXpf02'}], 'external_urls': {'spotify': 'https://open.spotify.com/album/5H7ixXZfsNMGbIE5OBSpcb'}, 'href': 'https://api.spotify.com/v1/albums/5H7ixXZfsNMGbIE5OBSpcb', 'id': '5H7ixXZfsNMGbIE5OBSpcb', 'images': [{'height': 640, 'url': 'https://i.scdn.co/image/ab67616d0000b2738ecc33f195df6aa257c39eaa', 'width': 640}, {'height': 300, 'url': 'https://i.scdn.co/image/ab67616d00001e028ecc33f195df6aa257c39eaa', 'width': 300}, {'height': 64, 'url': 'https://i.scdn.co/image/ab67616d000048518ecc33f195df6aa257c39eaa', 'width': 64}], 'is_playable': True, 'name': 'THE TORTURED POETS DEPARTMENT: THE ANTHOLOGY', 'release_date': '2024-04-19', 'release_date_precision': 'day', 'total_tracks': 31, 'type': 'album', 'uri': 'spotify:album:5H7ixXZfsNMGbIE5OBSpcb'}","[{'external_urls': {'spotify': 'https://open.spotify.com/artist/06HL4z0CvFAxyc27GXpf02'}, 'href': 'https://api.spotify.com/v1/artists/06HL4z0CvFAxyc27GXpf02', 'id': '06HL4z0CvFAxyc27GXpf02', 'name': 'Taylor Swift', 'type': 'artist', 'uri': 'spotify:artist:06HL4z0CvFAxyc27GXpf02'}]",1,340428,True,{'isrc': 'USUG12401033'},{'spotify': 'https://open.spotify.com/track/4QMgEffJQuKtjCNvqfRZ0m'},https://api.spotify.com/v1/tracks/4QMgEffJQuKtjCNvqfRZ0m,4QMgEffJQuKtjCNvqfRZ0m,False,True,But Daddy I Love Him,89,,6,track,spotify:track:4QMgEffJQuKtjCNvqfRZ0m
34,"{'album_type': 'album', 'artists': [{'external_urls': {'spotify': 'https://open.spotify.com/artist/06HL4z0CvFAxyc27GXpf02'}, 'href': 'https://api.spotify.com/v1/artists/06HL4z0CvFAxyc27GXpf02', 'id': '06HL4z0CvFAxyc27GXpf02', 'name': 'Taylor Swift', 'type': 'artist', 'uri': 'spotify:artist:06HL4z0CvFAxyc27GXpf02'}], 'external_urls': {'spotify': 'https://open.spotify.com/album/6DEjYFkNZh67HP7R9PSZvv'}, 'href': 'https://api.spotify.com/v1/albums/6DEjYFkNZh67HP7R9PSZvv', 'id': '6DEjYFkNZh67HP7R9PSZvv', 'images': [{'height': 640, 'url': 'https://i.scdn.co/image/ab67616d0000b273da5d5aeeabacacc1263c0f4b', 'width': 640}, {'height': 300, 'url': 'https://i.scdn.co/image/ab67616d00001e02da5d5aeeabacacc1263c0f4b', 'width': 300}, {'height': 64, 'url': 'https://i.scdn.co/image/ab67616d00004851da5d5aeeabacacc1263c0f4b', 'width': 64}], 'is_playable': True, 'name': 'reputation', 'release_date': '2017-11-10', 'release_date_precision': 'day', 'total_tracks': 15, 'type': 'album', 'uri': 'spotify:album:6DEjYFkNZh67HP7R9PSZvv'}","[{'external_urls': {'spotify': 'https://open.spotify.com/artist/06HL4z0CvFAxyc27GXpf02'}, 'href': 'https://api.spotify.com/v1/artists/06HL4z0CvFAxyc27GXpf02', 'id': '06HL4z0CvFAxyc27GXpf02', 'name': 'Taylor Swift', 'type': 'artist', 'uri': 'spotify:artist:06HL4z0CvFAxyc27GXpf02'}]",1,230373,False,{'isrc': 'USCJY1750013'},{'spotify': 'https://open.spotify.com/track/6oVxXO5oQ4pTpO8RSnkzvv'},https://api.spotify.com/v1/tracks/6oVxXO5oQ4pTpO8RSnkzvv,6oVxXO5oQ4pTpO8RSnkzvv,False,True,Dress,76,,12,track,spotify:track:6oVxXO5oQ4pTpO8RSnkzvv
35,"{'album_type': 'album', 'artists': [{'external_urls': {'spotify': 'https://open.spotify.com/artist/06HL4z0CvFAxyc27GXpf02'}, 'href': 'https://api.spotify.com/v1/artists/06HL4z0CvFAxyc27GXpf02', 'id': '06HL4z0CvFAxyc27GXpf02', 'name': 'Taylor Swift', 'type': 'artist', 'uri': 'spotify:artist:06HL4z0CvFAxyc27GXpf02'}], 'external_urls': {'spotify': 'https://open.spotify.com/album/1Mo4aZ8pdj6L1jx8zSwJnt'}, 'href': 'https://api.spotify.com/v1/albums/1Mo4aZ8pdj6L1jx8zSwJnt', 'id': '1Mo4aZ8pdj6L1jx8zSwJnt', 'images': [{'height': 640, 'url': 'https://i.scdn.co/image/ab67616d0000b2735076e4160d018e378f488c33', 'width': 640}, {'height': 300, 'url': 'https://i.scdn.co/image/ab67616d00001e025076e4160d018e378f488c33', 'width': 300}, {'height': 64, 'url': 'https://i.scdn.co/image/ab67616d000048515076e4160d018e378f488c33', 'width': 64}], 'is_playable': True, 'name': 'THE TORTURED POETS DEPARTMENT', 'release_date': '2024-04-18', 'release_date_precision': 'day', 'total_tracks': 16, 'type': 'album', 'uri': 'spotify:album:1Mo4aZ8pdj6L1jx8zSwJnt'}","[{'external_urls': {'spotify': 'https://open.spotify.com/artist/06HL4z0CvFAxyc27GXpf02'}, 'href': 'https://api.spotify.com/v1/artists/06HL4z0CvFAxyc27GXpf02', 'id': '06HL4z0CvFAxyc27GXpf02', 'name': 'Taylor Swift', 'type': 'artist', 'uri': 'spotify:artist:06HL4z0CvFAxyc27GXpf02'}]",1,293048,True,{'isrc': 'USUG12401029'},{'spotify': 'https://open.spotify.com/track/3NMrVbIVWT3fPXBj0rNDKG'},https://api.spotify.com/v1/tracks/3NMrVbIVWT3fPXBj0rNDKG,3NMrVbIVWT3fPXBj0rNDKG,False,True,The Tortured Poets Department,83,,2,track,spotify:track:3NMrVbIVWT3fPXBj0rNDKG
36,"{'album_type': 'album', 'artists': [{'external_urls': {'spotify': 'https://open.spotify.com/artist/06HL4z0CvFAxyc27GXpf02'}, 'href': 'https://api.spotify.com/v1/artists/06HL4z0CvFAxyc27GXpf02', 'id': '06HL4z0CvFAxyc27GXpf02', 'name': 'Taylor Swift', 'type': 'artist', 'uri': 'spotify:artist:06HL4z0CvFAxyc27GXpf02'}], 'external_urls': {'spotify': 'https://open.spotify.com/album/151w1FgRZfnKZA9FEcg9Z3'}, 'href': 'https://api.spotify.com/v1/albums/151w1FgRZfnKZA9FEcg9Z3', 'id': '151w1FgRZfnKZA9FEcg9Z3', 'images': [{'height': 640, 'url': 'https://i.scdn.co/image/ab67616d0000b273bb54dde68cd23e2a268ae0f5', 'width': 640}, {'height': 300, 'url': 'https://i.scdn.co/image/ab67616d00001e02bb54dde68cd23e2a268ae0f5', 'width': 300}, {'height': 64, 'url': 'https://i.scdn.co/image/ab67616d00004851bb54dde68cd23e2a268ae0f5', 'width': 64}], 'is_playable': True, 'name': 'Midnights', 'release_date': '2022-10-21', 'release_date_precision': 'day', 'total_tracks': 13, 'type': 'album', 'uri': 'spotify:album:151w1FgRZfnKZA9FEcg9Z3'}","[{'external_urls': {'spotify': 'https://open.spotify.com/artist/06HL4z0CvFAxyc27GXpf02'}, 'href': 'https://api.spotify.com/v1/artists/06HL4z0CvFAxyc27GXpf02', 'id': '06HL4z0CvFAxyc27GXpf02', 'name': 'Taylor Swift', 'type': 'artist', 'uri': 'spotify:artist:06HL4z0CvFAxyc27GXpf02'}]",1,174782,False,{'isrc': 'USUG12205712'},{'spotify': 'https://open.spotify.com/track/3rWDp9tBPQR9z6U5YyRSK4'},https://api.spotify.com/v1/tracks/3rWDp9tBPQR9z6U5YyRSK4,3rWDp9tBPQR9z6U5YyRSK4,False,True,Midnight Rain,79,,6,track,spotify:track:3rWDp9tBPQR9z6U5YyRSK4
37,"{'album_type': 'album', 'artists': [{'external_urls': {'spotify': 'https://open.spotify.com/artist/06HL4z0CvFAxyc27GXpf02'}, 'href': 'https://api.spotify.com/v1/artists/06HL4z0CvFAxyc27GXpf02', 'id': '06HL4z0CvFAxyc27GXpf02', 'name': 'Taylor Swift', 'type': 'artist', 'uri': 'spotify:artist:06HL4z0CvFAxyc27GXpf02'}], 'external_urls': {'spotify': 'https://open.spotify.com/album/5H7ixXZfsNMGbIE5OBSpcb'}, 'href': 'https://api.spotify.com/v1/albums/5H7ixXZfsNMGbIE5OBSpcb', 'id': '5H7ixXZfsNMGbIE5OBSpcb', 'images': [{'height': 640, 'url': 'https://i.scdn.co/image/ab67616d0000b2738ecc33f195df6aa257c39eaa', 'width': 640}, {'height': 300, 'url': 'https://i.scdn.co/image/ab67616d00001e028ecc33f195df6aa257c39eaa', 'width': 300}, {'height': 64, 'url': 'https://i.scdn.co/image/ab67616d000048518ecc33f195df6aa257c39eaa', 'width': 64}], 'is_playable': True, 'name': 'THE TORTURED POETS DEPARTMENT: THE ANTHOLOGY', 'release_date': '2024-04-19', 'release_date_precision': 'day', 'total_tracks': 31, 'type': 'album', 'uri': 'spotify:album:5H7ixXZfsNMGbIE5OBSpcb'}","[{'external_urls': {'spotify': 'https://open.spotify.com/artist/06HL4z0CvFAxyc27GXpf02'}, 'href': 'https://api.spotify.com/v1/artists/06HL4z0CvFAxyc27GXpf02', 'id': '06HL4z0CvFAxyc27GXpf02', 'name': 'Taylor Swift', 'type': 'artist', 'uri': 'spotify:artist:06HL4z0CvFAxyc27GXpf02'}]",1,334084,False,{'isrc': 'USUG12401037'},{'spotify': 'https://open.spotify.com/track/2d8UxVNhJinc8uat9PoM9y'},https://api.spotify.com/v1/tracks/2d8UxVNhJinc8uat9PoM9y,2d8UxVNhJinc8uat9PoM9y,False,True,Who’s Afraid of Little Old Me?,90,,10,track,spotify:track:2d8UxVNhJinc8uat9PoM9y
38,"{'album_type': 'album', 'artists': [{'external_urls': {'spotify': 'https://open.spotify.com/artist/06HL4z0CvFAxyc27GXpf02'}, 'href': 'https://api.spotify.com/v1/artists/06HL4z0CvFAxyc27GXpf02', 'id': '06HL4z0CvFAxyc27GXpf02', 'name': 'Taylor Swift', 'type': 'artist', 'uri': 'spotify:artist:06HL4z0CvFAxyc27GXpf02'}], 'external_urls': {'spotify': 'https://open.spotify.com/album/6DEjYFkNZh67HP7R9PSZvv'}, 'href': 'https://api.spotify.com/v1/albums/6DEjYFkNZh67HP7R9PSZvv', 'id': '6DEjYFkNZh67HP7R9PSZvv', 'images': [{'height': 640, 'url': 'https://i.scdn.co/image/ab67616d0000b273da5d5aeeabacacc1263c0f4b', 'width': 640}, {'height': 300, 'url': 'https://i.scdn.co/image/ab67616d00001e02da5d5aeeabacacc1263c0f4b', 'width': 300}, {'height': 64, 'url': 'https://i.scdn.co/image/ab67616d00004851da5d5aeeabacacc1263c0f4b', 'width': 64}], 'is_playable': True, 'name': 'reputation', 'release_date': '2017-11-10', 'release_date_precision': 'day', 'total_tracks': 15, 'type': 'album', 'uri': 'spotify:album:6DEjYFkNZh67HP7R9PSZvv'}","[{'external_urls': {'spotify': 'https://open.spotify.com/artist/06HL4z0CvFAxyc27GXpf02'}, 'href': 'https://api.spotify.com/v1/artists/06HL4z0CvFAxyc27GXpf02', 'id': '06HL4z0CvFAxyc27GXpf02', 'name': 'Taylor Swift', 'type': 'artist', 'uri': 'spotify:artist:06HL4z0CvFAxyc27GXpf02'}]",1,209680,False,{'isrc': 'USCJY1750009'},{'spotify': 'https://open.spotify.com/track/1ZY1PqizIl78geGM4xWlEA'},https://api.spotify.com/v1/tracks/1ZY1PqizIl78geGM4xWlEA,1ZY1PqizIl78geGM4xWlEA,False,True,Gorgeous,77,,8,track,spotify:track:1ZY1PqizIl78geGM4xWlEA
39,"{'album_type': 'album', 'artists': [{'external_urls': {'spotify': 'https://open.spotify.com/artist/06HL4z0CvFAxyc27GXpf02'}, 'href': 'https://api.spotify.com/v1/artists/06HL4z0CvFAxyc27GXpf02', 'id': '06HL4z0CvFAxyc27GXpf02', 'name': 'Taylor Swift', 'type': 'artist', 'uri': 'spotify:artist:06HL4z0CvFAxyc27GXpf02'}], 'external_urls': {'spotify': 'https://open.spotify.com/album/5H7ixXZfsNMGbIE5OBSpcb'}, 'href': 'https://api.spotify.com/v1/albums/5H7ixXZfsNMGbIE5OBSpcb', 'id': '5H7ixXZfsNMGbIE5OBSpcb', 'images': [{'height': 640, 'url': 'https://i.scdn.co/image/ab67616d0000b2738ecc33f195df6aa257c39eaa', 'width': 640}, {'height': 300, 'url': 'https://i.scdn.co/image/ab67616d00001e028ecc33f195df6aa257c39eaa', 'width': 300}, {'height': 64, 'url': 'https://i.scdn.co/image/ab67616d000048518ecc33f195df6aa257c39eaa', 'width': 64}], 'is_playable': True, 'name': 'THE TORTURED POETS DEPARTMENT: THE ANTHOLOGY', 'release_date': '2024-04-19', 'release_date_precision': 'day', 'total_tracks': 31, 'type': 'album', 'uri': 'spotify:album:5H7ixXZfsNMGbIE5OBSpcb'}","[{'external_urls': {'spotify': 'https://open.spotify.com/artist/06HL4z0CvFAxyc27GXpf02'}, 'href': 'https://api.spotify.com/v1/artists/06HL4z0CvFAxyc27GXpf02', 'id': '06HL4z0CvFAxyc27GXpf02', 'name': 'Taylor Swift', 'type': 'artist', 'uri': 'spotify:artist:06HL4z0CvFAxyc27GXpf02'}]",1,228800,False,{'isrc': 'USUG12402544'},{'spotify': 'https://open.spotify.com/track/7Mts0OfPorF4iwOomvfqn1'},https://api.spotify.com/v1/tracks/7Mts0OfPorF4iwOomvfqn1,7Mts0OfPorF4iwOomvfqn1,False,True,So High School,88,,22,track,spotify:track:7Mts0OfPorF4iwOomvfqn1
40,"{'album_type': 'album', 'artists': [{'external_urls': {'spotify': 'https://open.spotify.com/artist/06HL4z0CvFAxyc27GXpf02'}, 'href': 'https://api.spotify.com/v1/artists/06HL4z0CvFAxyc27GXpf02', 'id': '06HL4z0CvFAxyc27GXpf02', 'name': 'Taylor Swift', 'type': 'artist', 'uri': 'spotify:artist:06HL4z0CvFAxyc27GXpf02'}], 'external_urls': {'spotify': 'https://open.spotify.com/album/5H7ixXZfsNMGbIE5OBSpcb'}, 'href': 'https://api.spotify.com/v1/albums/5H7ixXZfsNMGbIE5OBSpcb', 'id': '5H7ixXZfsNMGbIE5OBSpcb', 'images': [{'height': 640, 'url': 'https://i.scdn.co/image/ab67616d0000b2738ecc33f195df6aa257c39eaa', 'width': 640}, {'height': 300, 'url': 'https://i.scdn.co/image/ab67616d00001e028ecc33f195df6aa257c39eaa', 'width': 300}, {'height': 64, 'url': 'https://i.scdn.co/image/ab67616d000048518ecc33f195df6aa257c39eaa', 'width': 64}], 'is_playable': True, 'name': 'THE TORTURED POETS DEPARTMENT: THE ANTHOLOGY', 'release_date': '2024-04-19', 'release_date_precision': 'day', 'total_tracks': 31, 'type': 'album', 'uri': 'spotify:album:5H7ixXZfsNMGbIE5OBSpcb'}","[{'external_urls': {'spotify': 'https://open.spotify.com/artist/06HL4z0CvFAxyc27GXpf02'}, 'href': 'https://api.spotify.com/v1/artists/06HL4z0CvFAxyc27GXpf02', 'id': '06HL4z0CvFAxyc27GXpf02', 'name': 'Taylor Swift', 'type': 'artist', 'uri': 'spotify:artist:06HL4z0CvFAxyc27GXpf02'}]",1,196900,False,{'isrc': 'USUG12401042'},{'spotify': 'https://open.spotify.com/track/1tuNqJOtRQVHvONR8Lg3MZ'},https://api.spotify.com/v1/tracks/1tuNqJOtRQVHvONR8Lg3MZ,1tuNqJOtRQVHvONR8Lg3MZ,False,True,The Alchemy,87,,15,track,spotify:track:1tuNqJOtRQVHvONR8Lg3MZ
41,"{'album_type': 'album', 'artists': [{'external_urls': {'spotify': 'https://open.spotify.com/artist/06HL4z0CvFAxyc27GXpf02'}, 'href': 'https://api.spotify.com/v1/artists/06HL4z0CvFAxyc27GXpf02', 'id': '06HL4z0CvFAxyc27GXpf02', 'name': 'Taylor Swift', 'type': 'artist', 'uri': 'spotify:artist:06HL4z0CvFAxyc27GXpf02'}], 'external_urls': {'spotify': 'https://open.spotify.com/album/5H7ixXZfsNMGbIE5OBSpcb'}, 'href': 'https://api.spotify.com/v1/albums/5H7ixXZfsNMGbIE5OBSpcb', 'id': '5H7ixXZfsNMGbIE5OBSpcb', 'images': [{'height': 640, 'url': 'https://i.scdn.co/image/ab67616d0000b2738ecc33f195df6aa257c39eaa', 'width': 640}, {'height': 300, 'url': 'https://i.scdn.co/image/ab67616d00001e028ecc33f195df6aa257c39eaa', 'width': 300}, {'height': 64, 'url': 'https://i.scdn.co/image/ab67616d000048518ecc33f195df6aa257c39eaa', 'width': 64}], 'is_playable': True, 'name': 'THE TORTURED POETS DEPARTMENT: THE ANTHOLOGY', 'release_date': '2024-04-19', 'release_date_precision': 'day', 'total_tracks': 31, 'type': 'album', 'uri': 'spotify:album:5H7ixXZfsNMGbIE5OBSpcb'}","[{'external_urls': {'spotify': 'https://open.spotify.com/artist/06HL4z0CvFAxyc27GXpf02'}, 'href': 'https://api.spotify.com/v1/artists/06HL4z0CvFAxyc27GXpf02', 'id': '06HL4z0CvFAxyc27GXpf02', 'name': 'Taylor Swift', 'type': 'artist', 'uri': 'spotify:artist:06HL4z0CvFAxyc27GXpf02'}]",1,277156,True,{'isrc': 'USUG12401039'},{'spotify': 'https://open.spotify.com/track/3YkNIrAvbKNrrwwEd7NVLl'},https://api.spotify.com/v1/tracks/3YkNIrAvbKNrrwwEd7NVLl,3YkNIrAvbKNrrwwEd7NVLl,False,True,loml,87,,12,track,spotify:track:3YkNIrAvbKNrrwwEd7NVLl
42,"{'album_type': 'album', 'artists': [{'external_urls': {'spotify': 'https://open.spotify.com/artist/06HL4z0CvFAxyc27GXpf02'}, 'href': 'https://api.spotify.com/v1/artists/06HL4z0CvFAxyc27GXpf02', 'id': '06HL4z0CvFAxyc27GXpf02', 'name': 'Taylor Swift', 'type': 'artist', 'uri': 'spotify:artist:06HL4z0CvFAxyc27GXpf02'}], 'external_urls': {'spotify': 'https://open.spotify.com/album/5H7ixXZfsNMGbIE5OBSpcb'}, 'href': 'https://api.spotify.com/v1/albums/5H7ixXZfsNMGbIE5OBSpcb', 'id': '5H7ixXZfsNMGbIE5OBSpcb', 'images': [{'height': 640, 'url': 'https://i.scdn.co/image/ab67616d0000b2738ecc33f195df6aa257c39eaa', 'width': 640}, {'height': 300, 'url': 'https://i.scdn.co/image/ab67616d00001e028ecc33f195df6aa257c39eaa', 'width': 300}, {'height': 64, 'url': 'https://i.scdn.co/image/ab67616d000048518ecc33f195df6aa257c39eaa', 'width': 64}], 'is_playable': True, 'name': 'THE TORTURED POETS DEPARTMENT: THE ANTHOLOGY', 'release_date': '2024-04-19', 'release_date_precision': 'day', 'total_tracks': 31, 'type': 'album', 'uri': 'spotify:album:5H7ixXZfsNMGbIE5OBSpcb'}","[{'external_urls': {'spotify': 'https://open.spotify.com/artist/06HL4z0CvFAxyc27GXpf02'}, 'href': 'https://api.spotify.com/v1/artists/06HL4z0CvFAxyc27GXpf02', 'id': '06HL4z0CvFAxyc27GXpf02', 'name': 'Taylor Swift', 'type': 'artist', 'uri': 'spotify:artist:06HL4z0CvFAxyc27GXpf02'}]",1,210789,False,{'isrc': 'USUG12401034'},{'spotify': 'https://open.spotify.com/track/7IWcDWOfiooH5hRs9XOVYz'},https://api.spotify.com/v1/tracks/7IWcDWOfiooH5hRs9XOVYz,7IWcDWOfiooH5hRs9XOVYz,False,True,Fresh Out The Slammer,87,,7,track,spotify:track:7IWcDWOfiooH5hRs9XOVYz
43,"{'album_type': 'album', 'artists': [{'external_urls': {'spotify': 'https://open.spotify.com/artist/06HL4z0CvFAxyc27GXpf02'}, 'href': 'https://api.spotify.com/v1/artists/06HL4z0CvFAxyc27GXpf02', 'id': '06HL4z0CvFAxyc27GXpf02', 'name': 'Taylor Swift', 'type': 'artist', 'uri': 'spotify:artist:06HL4z0CvFAxyc27GXpf02'}], 'external_urls': {'spotify': 'https://open.spotify.com/album/5H7ixXZfsNMGbIE5OBSpcb'}, 'href': 'https://api.spotify.com/v1/albums/5H7ixXZfsNMGbIE5OBSpcb', 'id': '5H7ixXZfsNMGbIE5OBSpcb', 'images': [{'height': 640, 'url': 'https://i.scdn.co/image/ab67616d0000b2738ecc33f195df6aa257c39eaa', 'width': 640}, {'height': 300, 'url': 'https://i.scdn.co/image/ab67616d00001e028ecc33f195df6aa257c39eaa', 'width': 300}, {'height': 64, 'url': 'https://i.scdn.co/image/ab67616d000048518ecc33f195df6aa257c39eaa', 'width': 64}], 'is_playable': True, 'name': 'THE TORTURED POETS DEPARTMENT: THE ANTHOLOGY', 'release_date': '2024-04-19', 'release_date_precision': 'day', 'total_tracks': 31, 'type': 'album', 'uri': 'spotify:album:5H7ixXZfsNMGbIE5OBSpcb'}","[{'external_urls': {'spotify': 'https://open.spotify.com/artist/06HL4z0CvFAxyc27GXpf02'}, 'href': 'https://api.spotify.com/v1/artists/06HL4z0CvFAxyc27GXpf02', 'id': '06HL4z0CvFAxyc27GXpf02', 'name': 'Taylor Swift', 'type': 'artist', 'uri': 'spotify:artist:06HL4z0CvFAxyc27GXpf02'}]",1,238857,True,{'isrc': 'USUG12401046'},{'spotify': 'https://open.spotify.com/track/62E2nR0od0M5HYxuYLaDz7'},https://api.spotify.com/v1/tracks/62E2nR0od0M5HYxuYLaDz7,62E2nR0od0M5HYxuYLaDz7,False,True,The Black Dog,87,,17,track,spotify:track:62E2nR0od0M5HYxuYLaDz7
44,"{'album_type': 'album', 'artists': [{'external_urls': {'spotify': 'https://open.spotify.com/artist/06HL4z0CvFAxyc27GXpf02'}, 'href': 'https://api.spotify.com/v1/artists/06HL4z0CvFAxyc27GXpf02', 'id': '06HL4z0CvFAxyc27GXpf02', 'name': 'Taylor Swift', 'type': 'artist', 'uri': 'spotify:artist:06HL4z0CvFAxyc27GXpf02'}], 'external_urls': {'spotify': 'https://open.spotify.com/album/6DEjYFkNZh67HP7R9PSZvv'}, 'href': 'https://api.spotify.com/v1/albums/6DEjYFkNZh67HP7R9PSZvv', 'id': '6DEjYFkNZh67HP7R9PSZvv', 'images': [{'height': 640, 'url': 'https://i.scdn.co/image/ab67616d0000b273da5d5aeeabacacc1263c0f4b', 'width': 640}, {'height': 300, 'url': 'https://i.scdn.co/image/ab67616d00001e02da5d5aeeabacacc1263c0f4b', 'width': 300}, {'height': 64, 'url': 'https://i.scdn.co/image/ab67616d00004851da5d5aeeabacacc1263c0f4b', 'width': 64}], 'is_playable': True, 'name': 'reputation', 'release_date': '2017-11-10', 'release_date_precision': 'day', 'total_tracks': 15, 'type': 'album', 'uri': 'spotify:album:6DEjYFkNZh67HP7R9PSZvv'}","[{'external_urls': {'spotify': 'https://open.spotify.com/artist/06HL4z0CvFAxyc27GXpf02'}, 'href': 'https://api.spotify.com/v1/artists/06HL4z0CvFAxyc27GXpf02', 'id': '06HL4z0CvFAxyc27GXpf02', 'name': 'Taylor Swift', 'type': 'artist', 'uri': 'spotify:artist:06HL4z0CvFAxyc27GXpf02'}]",1,232253,False,{'isrc': 'USCJY1750007'},{'spotify': 'https://open.spotify.com/track/6NFyWDv5CjfwuzoCkw47Xf'},https://api.spotify.com/v1/tracks/6NFyWDv5CjfwuzoCkw47Xf,6NFyWDv5CjfwuzoCkw47Xf,False,True,Delicate,81,,5,track,spotify:track:6NFyWDv5CjfwuzoCkw47Xf
45,"{'album_type': 'album', 'artists': [{'external_urls': {'spotify': 'https://open.spotify.com/artist/06HL4z0CvFAxyc27GXpf02'}, 'href': 'https://api.spotify.com/v1/artists/06HL4z0CvFAxyc27GXpf02', 'id': '06HL4z0CvFAxyc27GXpf02', 'name': 'Taylor Swift', 'type': 'artist', 'uri': 'spotify:artist:06HL4z0CvFAxyc27GXpf02'}], 'external_urls': {'spotify': 'https://open.spotify.com/album/64LU4c1nfjz1t4VnGhagcg'}, 'href': 'https://api.spotify.com/v1/albums/64LU4c1nfjz1t4VnGhagcg', 'id': '64LU4c1nfjz1t4VnGhagcg', 'images': [{'height': 640, 'url': 'https://i.scdn.co/image/ab67616d0000b273904445d70d04eb24d6bb79ac', 'width': 640}, {'height': 300, 'url': 'https://i.scdn.co/image/ab67616d00001e02904445d70d04eb24d6bb79ac', 'width': 300}, {'height': 64, 'url': 'https://i.scdn.co/image/ab67616d00004851904445d70d04eb24d6bb79ac', 'width': 64}], 'is_playable': True, 'name': ""1989 (Taylor's Version)"", 'release_date': '2023-10-26', 'release_date_precision': 'day', 'total_tracks': 21, 'type': 'album', 'uri': 'spotify:album:64LU4c1nfjz1t4VnGhagcg'}","[{'external_urls': {'spotify': 'https://open.spotify.com/artist/06HL4z0CvFAxyc27GXpf02'}, 'href': 'https://api.spotify.com/v1/artists/06HL4z0CvFAxyc27GXpf02', 'id': '06HL4z0CvFAxyc27GXpf02', 'name': 'Taylor Swift', 'type': 'artist', 'uri': 'spotify:artist:06HL4z0CvFAxyc27GXpf02'}]",1,220433,False,{'isrc': 'USUG12103658'},{'spotify': 'https://open.spotify.com/track/1K39ty6o1sHwwlZwO6a7wK'},https://api.spotify.com/v1/tracks/1K39ty6o1sHwwlZwO6a7wK,1K39ty6o1sHwwlZwO6a7wK,False,True,Wildest Dreams (Taylor's Version),78,,9,track,spotify:track:1K39ty6o1sHwwlZwO6a7wK
46,"{'album_type': 'album', 'artists': [{'external_urls': {'spotify': 'https://open.spotify.com/artist/06HL4z0CvFAxyc27GXpf02'}, 'href': 'https://api.spotify.com/v1/artists/06HL4z0CvFAxyc27GXpf02', 'id': '06HL4z0CvFAxyc27GXpf02', 'name': 'Taylor Swift', 'type': 'artist', 'uri': 'spotify:artist:06HL4z0CvFAxyc27GXpf02'}], 'external_urls': {'spotify': 'https://open.spotify.com/album/1yGbNOtRIgdIiGHOEBaZWf'}, 'href': 'https://api.spotify.com/v1/albums/1yGbNOtRIgdIiGHOEBaZWf', 'id': '1yGbNOtRIgdIiGHOEBaZWf', 'images': [{'height': 640, 'url': 'https://i.scdn.co/image/ab67616d0000b27352b2a3824413eefe9e33817a', 'width': 640}, {'height': 300, 'url': 'https://i.scdn.co/image/ab67616d00001e0252b2a3824413eefe9e33817a', 'width': 300}, {'height': 64, 'url': 'https://i.scdn.co/image/ab67616d0000485152b2a3824413eefe9e33817a', 'width': 64}], 'is_playable': True, 'name': '1989 (Deluxe)', 'release_date': '2014-01-01', 'release_date_precision': 'day', 'total_tracks': 19, 'type': 'album', 'uri': 'spotify:album:1yGbNOtRIgdIiGHOEBaZWf'}","[{'external_urls': {'spotify': 'https://open.spotify.com/artist/06HL4z0CvFAxyc27GXpf02'}, 'href': 'https://api.spotify.com/v1/artists/06HL4z0CvFAxyc27GXpf02', 'id': '06HL4z0CvFAxyc27GXpf02', 'name': 'Taylor Swift', 'type': 'artist', 'uri': 'spotify:artist:06HL4z0CvFAxyc27GXpf02'}]",1,219200,False,{'isrc': 'USCJY1431349'},{'spotify': 'https://open.spotify.com/track/0cqRj7pUJDkTCEsJkx8snD'},https://api.spotify.com/v1/tracks/0cqRj7pUJDkTCEsJkx8snD,0cqRj7pUJDkTCEsJkx8snD,False,True,Shake It Off,80,,6,track,spotify:track:0cqRj7pUJDkTCEsJkx8snD
47,"{'album_type': 'album', 'artists': [{'external_urls': {'spotify': 'https://open.spotify.com/artist/06HL4z0CvFAxyc27GXpf02'}, 'href': 'https://api.spotify.com/v1/artists/06HL4z0CvFAxyc27GXpf02', 'id': '06HL4z0CvFAxyc27GXpf02', 'name': 'Taylor Swift', 'type': 'artist', 'uri': 'spotify:artist:06HL4z0CvFAxyc27GXpf02'}], 'external_urls': {'spotify': 'https://open.spotify.com/album/6kZ42qRrzov54LcAk4onW9'}, 'href': 'https://api.spotify.com/v1/albums/6kZ42qRrzov54LcAk4onW9', 'id': '6kZ42qRrzov54LcAk4onW9', 'images': [{'height': 640, 'url': 'https://i.scdn.co/image/ab67616d0000b273318443aab3531a0558e79a4d', 'width': 640}, {'height': 300, 'url': 'https://i.scdn.co/image/ab67616d00001e02318443aab3531a0558e79a4d', 'width': 300}, {'height': 64, 'url': 'https://i.scdn.co/image/ab67616d00004851318443aab3531a0558e79a4d', 'width': 64}], 'is_playable': True, 'name': ""Red (Taylor's Version)"", 'release_date': '2021-11-12', 'release_date_precision': 'day', 'total_tracks': 30, 'type': 'album', 'uri': 'spotify:album:6kZ42qRrzov54LcAk4onW9'}","[{'external_urls': {'spotify': 'https://open.spotify.com/artist/06HL4z0CvFAxyc27GXpf02'}, 'href': 'https://api.spotify.com/v1/artists/06HL4z0CvFAxyc27GXpf02', 'id': '06HL4z0CvFAxyc27GXpf02', 'name': 'Taylor Swift', 'type': 'artist', 'uri': 'spotify:artist:06HL4z0CvFAxyc27GXpf02'}]",1,613026,True,{'isrc': 'USUG12103690'},{'spotify': 'https://open.spotify.com/track/5enxwA8aAbwZbf5qCHORXi'},https://api.spotify.com/v1/tracks/5enxwA8aAbwZbf5qCHORXi,5enxwA8aAbwZbf5qCHORXi,False,True,All Too Well (10 Minute Version) (Taylor's Version) (From The Vault),81,,30,track,spotify:track:5enxwA8aAbwZbf5qCHORXi
48,"{'album_type': 'album', 'artists': [{'external_urls': {'spotify': 'https://open.spotify.com/artist/06HL4z0CvFAxyc27GXpf02'}, 'href': 'https://api.spotify.com/v1/artists/06HL4z0CvFAxyc27GXpf02', 'id': '06HL4z0CvFAxyc27GXpf02', 'name': 'Taylor Swift', 'type': 'artist', 'uri': 'spotify:artist:06HL4z0CvFAxyc27GXpf02'}], 'external_urls': {'spotify': 'https://open.spotify.com/album/1Mo4aZ8pdj6L1jx8zSwJnt'}, 'href': 'https://api.spotify.com/v1/albums/1Mo4aZ8pdj6L1jx8zSwJnt', 'id': '1Mo4aZ8pdj6L1jx8zSwJnt', 'images': [{'height': 640, 'url': 'https://i.scdn.co/image/ab67616d0000b2735076e4160d018e378f488c33', 'width': 640}, {'height': 300, 'url': 'https://i.scdn.co/image/ab67616d00001e025076e4160d018e378f488c33', 'width': 300}, {'height': 64, 'url': 'https://i.scdn.co/image/ab67616d000048515076e4160d018e378f488c33', 'width': 64}], 'is_playable': True, 'name': 'THE TORTURED POETS DEPARTMENT', 'release_date': '2024-04-18', 'release_date_precision': 'day', 'total_tracks': 16, 'type': 'album', 'uri': 'spotify:album:1Mo4aZ8pdj6L1jx8zSwJnt'}","[{'external_urls': {'spotify': 'https://open.spotify.com/artist/06HL4z0CvFAxyc27GXpf02'}, 'href': 'https://api.spotify.com/v1/artists/06HL4z0CvFAxyc27GXpf02', 'id': '06HL4z0CvFAxyc27GXpf02', 'name': 'Taylor Swift', 'type': 'artist', 'uri': 'spotify:artist:06HL4z0CvFAxyc27GXpf02'}]",1,203801,False,{'isrc': 'USUG12401030'},{'spotify': 'https://open.spotify.com/track/2XXwLdtuAcE0HSCu61ijAb'},https://api.spotify.com/v1/tracks/2XXwLdtuAcE0HSCu61ijAb,2XXwLdtuAcE0HSCu61ijAb,False,True,My Boy Only Breaks His Favorite Toys,84,,3,track,spotify:track:2XXwLdtuAcE0HSCu61ijAb
49,"{'album_type': 'album', 'artists': [{'external_urls': {'spotify': 'https://open.spotify.com/artist/06HL4z0CvFAxyc27GXpf02'}, 'href': 'https://api.spotify.com/v1/artists/06HL4z0CvFAxyc27GXpf02', 'id': '06HL4z0CvFAxyc27GXpf02', 'name': 'Taylor Swift', 'type': 'artist', 'uri': 'spotify:artist:06HL4z0CvFAxyc27GXpf02'}], 'external_urls': {'spotify': 'https://open.spotify.com/album/5H7ixXZfsNMGbIE5OBSpcb'}, 'href': 'https://api.spotify.com/v1/albums/5H7ixXZfsNMGbIE5OBSpcb', 'id': '5H7ixXZfsNMGbIE5OBSpcb', 'images': [{'height': 640, 'url': 'https://i.scdn.co/image/ab67616d0000b2738ecc33f195df6aa257c39eaa', 'width': 640}, {'height': 300, 'url': 'https://i.scdn.co/image/ab67616d00001e028ecc33f195df6aa257c39eaa', 'width': 300}, {'height': 64, 'url': 'https://i.scdn.co/image/ab67616d000048518ecc33f195df6aa257c39eaa', 'width': 64}], 'is_playable': True, 'name': 'THE TORTURED POETS DEPARTMENT: THE ANTHOLOGY', 'release_date': '2024-04-19', 'release_date_precision': 'day', 'total_tracks': 31, 'type': 'album', 'uri': 'spotify:album:5H7ixXZfsNMGbIE5OBSpcb'}","[{'external_urls': {'spotify': 'https://open.spotify.com/artist/06HL4z0CvFAxyc27GXpf02'}, 'href': 'https://api.spotify.com/v1/artists/06HL4z0CvFAxyc27GXpf02', 'id': '06HL4z0CvFAxyc27GXpf02', 'name': 'Taylor Swift', 'type': 'artist', 'uri': 'spotify:artist:06HL4z0CvFAxyc27GXpf02'}]",1,245541,True,{'isrc': 'USUG12401041'},{'spotify': 'https://open.spotify.com/track/1xtw1krCR6Dw2KwkXw5z63'},https://api.spotify.com/v1/tracks/1xtw1krCR6Dw2KwkXw5z63,1xtw1krCR6Dw2KwkXw5z63,False,True,The Smallest Man Who Ever Lived,88,,14,track,spotify:track:1xtw1krCR6Dw2KwkXw5z63
